매장명,작성일,리뷰내용,감정분석
달빛에구운고등어 만성점,3번째 방문,고등어조림과 구이 맛있게 잘 먹었습니다~~^^,긍정
달빛에구운고등어 만성점,1번째 방문,"난 망고가 좋아
리뷰 1,543사진 353
팔로우",긍정
달빛에구운고등어 만성점,1번째 방문,"음식이 맛있어요+3
개의 리뷰가 더 있습니다
펼쳐보기",긍정
달빛에구운고등어 만성점,1번째 방문,"생선구이 맛있어요!
셀프바에 다양한 반찬들도 많아서 좋아요",긍정
달빛에구운고등어 만성점,1번째 방문,한번씩오는데 친절하고맛있어요. 주차도 바로앞 공터주차장있어서편합니다.,긍정
달빛에구운고등어 만성점,5번째 방문,주말 점심에 이렇게 손님이 많을 줄 몰랐어요. 10분 기다리고 먹었지만 진짜 우리동네에서 최고 좋아하는 곳이예요. 멀리서 친척분들과 부모님 오셔서 모시고 갔는데 다들 식사 맛있게 하시고 좋아하셨답니다.,긍정
달빛에구운고등어 만성점,9번째 방문,"안녕하이헬로우안녕
리뷰 1,001사진 620
팔로우",중립
달빛에구운고등어 만성점,11번째 방문,"꾸준히 찾게되는 매장
가격이 갈때마다 오르는기분 +포장비라니,,,
그래도 맛있어요",긍정
달빛에구운고등어 만성점,2번째 방문,"핑크통통이모
리뷰 1,008사진 355팔로워 9
팔로우",중립
달빛에구운고등어 만성점,2번째 방문,"방문일
1.10.토
2026년 1월 10일 토요일",중립
달빛에구운고등어 어양점,1번째 방문,"모듬 시켜봤어요 음 저희는 좀 별로였어요 양념을 가자미 아닌 고등어면 좋겠어요 모듬에 무슨 생선들이 나오는지 키오스크에 표시가 되어 있었으면 좋겠어요 샐러드 바 등 사이드 음식 너무 맛있어요 배 부르게 잘 먹었어요
더보기",부정
달빛에구운고등어 어양점,1번째 방문,"서울에서 익산 사는 지인 집 방문할 때
재작년 식사했던 기억이 나쁘지 않아서,
재방문 하게 됐습니다.
그런데 식사 중 손님도 없어서 한적한데
카운터쪽 여자 직원들 3~4명
모여서 너무 시끄럽게 하고,, 전반적으로
이렇게 산만한 분위기 식당 처음 보네요;;;
더보기",중립
달빛에구운고등어 어양점,2번째 방문,"재료가 신선해요+4
개의 리뷰가 더 있습니다
펼쳐보기",중립
달빛에구운고등어 어양점,4번째 방문,"잡채도 달걀말이도 너무 맛있어요
생선도 바짝 구워주셔서 맛있었습니다",긍정
달빛에구운고등어 어양점,17번째 방문,"달빛은 누구랑 와도 싫어하는 사람이 없어서 무난한 곳이예요
고등어구이, 고등어조림, 고추장불고기 모두 괜찮고 반찬도 다양하게 리필해 먹을 수 있어서 좋아요
근데 계속 가격이 올라서 살짝 아쉽긴 합니당
더보기",긍정
달빛에구운고등어 어양점,4번째 방문,"방문일
2.28.토
2026년 2월 28일 토요일",중립
달빛에구운고등어 어양점,16번째 방문,"내 최애 생선 고등어구이 먹으러 왔어요
담백하고 적당한 기름이 있어서 고등어는 언제 먹어도 맛있네요
촉촉하고 통통한 살 발라서 밥이랑 먹으면 참 행복해집니다
남편은 고추장불고기 매니아라 역시 그거 시키더라구요
양배추랑 야채가 많이 줄어 비쥬얼이 좀 단촐해진 느낌
마지막 누룽지로 속 편하게 마무리했습니당
더보기",긍정
달빛에구운고등어 어양점,4번째 방문,"이사온 친구네 집들이 갔다가 단체로 방문했는데
양도 많고 생선도 다양하니 건강한 한끼 먹을 수 있어서
넘 든든했네요~!",중립
달빛에구운고등어 어양점,2번째 방문,"굿굿 항상 먹을 때 마다 감탄하면서 먹는 곳
생선도 하나도 안비리고 넘 맛있어용
입에서 살살 녹는 고등어무조림까지
클리어 하고 왔네용🥰🥰
더보기",긍정
달빛에구운고등어 어양점,4번째 방문,"어양어양~ 달빛에구운고등어!
아주 맛있고 든든하구만요
셀프바 반찬들도 완전 다양하구~
또 올게요~~~ 번창하세요🙆‍♀️🙆‍♀️💜🩷
더보기",긍정
달빛에구운고등어 도마점,1번째 방문,"물만 앞에두고 20분 기다림 직원응대 너무 불친절
리뷰 잘안쓰는데 이건 아닌듯
늦으면 이유라도 말해줘야지",부정
달빛에구운고등어 도마점,2번째 방문,"간만에 먹었는데 고등어조림님무는 맛있는데 고등어조림에들어간 고등어는 데입맛에 살짝비려요
무난합니다",긍정
달빛에구운고등어 도마점,2번째 방문,생선구이 먹고 싶음 오는곳~ 오늘은 딴날보다 더 촉촉한 느낌이 들어 맛있네요 리필반찬도 모두 맛있고 직원분들도 친절합니다~,긍정
달빛에구운고등어 도마점,2번째 방문,"져닛
리뷰 1,214사진 3,754팔로워 42테마 1
팔로우",중립
달빛에구운고등어 도마점,1번째 방문,"양파5892
리뷰 595사진 236팔로워 2
팔로우",중립
달빛에구운고등어 도마점,7번째 방문,"방문일
2.8.일
2026년 2월 8일 일요일",중립
달빛에구운고등어 도마점,1번째 방문,"방문일
1.31.토
2026년 1월 31일 토요일",중립
달빛에구운고등어 도마점,2번째 방문,"방문일
1.13.화
2026년 1월 13일 화요일",중립
달빛에구운고등어 도마점,1번째 방문,"방문일
1.11.일
2026년 1월 11일 일요일",중립
달빛에구운고등어 도마점,1번째 방문,"도마동 살면서 첫방문.. 후기에 대기가있다곤 했지만 일욜 저녁 한산했어요...

아이와 셋이방문. 삼치, 고등어, 고등어조림 세개주문..
셀프바랑 메인생산이랑.. 일단 저희가족과는 잘 맞지않아서 실망함.ㅠㅠ
셀프바엔... 숭늉 가져왔수 나머지는 ㅠㅠ
생선구이는... 화덕에서 금방나오지 않은 뜨거운 느낌없이....화덕에서 나오면 지글지글..하지않나요..ㅠㅠ 재방문은... 안할거 같구요.
화장실앞 가글 있어서 그건 좋았어요...
더보기",부정
달빛에구운고등어 송천점,3번째 방문,"음식이 맛있어요+4
개의 리뷰가 더 있습니다
펼쳐보기",긍정
달빛에구운고등어 송천점,1번째 방문,"방문일
3.15.일
2026년 3월 15일 일요일",중립
달빛에구운고등어 송천점,1번째 방문,"응 다신 안올래요 타매장 갈래요
직원들 외국인들이라 질문하면 한개 대답하고 자꾸가요. 대화가 안이어지고 기분나쁘네요
그동안 타매장보다 송천점 좋아했는데 그간 즐거웠어요.
그리고 1인 1메뉴라 적어주세요 .메뉴판에 고등어 한마리도 지워버림. 따로 물어보고 시켜야합니다 ㅋㅋㅋㅋㅋㅋㅋㅋㅋ포장자율과 넓은건 송천점이 좋지만 이젠 도청점 다닐래요. 오늘만 그런지몰라도 최애 반찬맛도 달라져서 남겼어요
더보기",긍정
달빛에구운고등어 송천점,5번째 방문,"it was me
리뷰 1,249사진 1,473팔로워 49
팔로우",중립
달빛에구운고등어 송천점,1번째 방문,맛있는 반찬들이 무제한이고 음식이 깔끔하고 정갈해요 직원분들 모두 친절해서 매우 만족스러운 매장입니다😊👍🔥,긍정
달빛에구운고등어 송천점,1번째 방문,"방문일
2.1.일
2026년 2월 1일 일요일",중립
달빛에구운고등어 송천점,1번째 방문,"반찬도 맛있고 미역국도 맛있지만 무엇보다 메인인 고등어구이가 최고입니다
담백하면서 촉촉해서 그냥 먹어도 맛있고 밥에 얹어서 먹어도 맛있습니다
오늘은 겉절이가 맛있어서 누룽지를 두 번이나 갖다 먹었네요
달빛은 정말 실패하기 힘든 음식점이라 애정하는 곳입니다
부모님 모시고 가기에도 좋고 가족들끼리 이용하기도 좋아 추천합니다
더보기",긍정
달빛에구운고등어 송천점,1번째 방문,"음식맛 기본은 합니다.
그러나 부모님과 같이 있던 식사자리에서 룰을 제대로 지키지 못한 저희에게 식사도중 면전에 두고 과도하게 따지듯 얘기하는 직원의 언행에 상당히 불쾌했고 부모님과 아이앞에서 모멸감 수치심을 느끼게한 식당입니다.
더보기",중립
달빛에구운고등어 송천점,3번째 방문,"kin****
리뷰 2,479사진 518팔로워 23
팔로우",중립
달빛에구운고등어 송천점,1번째 방문,달빛에 구운 고등어 송천점 생선도 신선하고 맛있어요. 샐러드바 이용도 할 수 있어 좋아요,긍정
달빛에구운고등어 평화점,2번째 방문,"han****
리뷰 2,701사진 141팔로워 14
팔로우",중립
달빛에구운고등어 평화점,6번째 방문,"달빛🥹🥹💓💓
평화점 왜케 맛있어요~! 진짜루다가~!
반찬도 정성 가득이고
가게 쾌적하고
일하는 분들 친절하고
완전 쓰리고네~!
부족한게 없어여 만족🩵💙🩵
더보기",긍정
달빛에구운고등어 평화점,4번째 방문,"오랜만에 좋아하는 생선구이 먹으러 왔어요
바삭하고 속은 촉촉한게 완전 내맘속 저격 탕탕!

친구 가족 모임장소로 딱이라 부담없이 오기 넘 좋네요!
더보기",긍정
달빛에구운고등어 평화점,2번째 방문,"생선구이 먹고 싶을 때
꼭 오는 곳💕
직원분들도 너무 친절하시고
오동통 생선구이와 고기 조합으로
밥 두공기는 거뜬 합니다용👍
더보기",긍정
달빛에구운고등어 평화점,3번째 방문,"Nomooyun
리뷰 1,819사진 1,308팔로워 25
팔로우",중립
달빛에구운고등어 평화점,3번째 방문,"오늘밤 주인공은 나야나
리뷰 313사진 137
팔로우",중립
달빛에구운고등어 평화점,4번째 방문,"랑쓰58
리뷰 568사진 581팔로워 13
팔로우",중립
달빛에구운고등어 평화점,10번째 방문,The seasoned cockles were not as good as I expected.,중립
달빛에구운고등어 평화점,2번째 방문,"사장님도 너무 친절하시고 고기도 부드럽고 통통해서 너무 잘 먹었어요^--^♡
진짜최고예요",긍정
달빛에구운고등어 평화점,9번째 방문,"📍점심특선이 바뀌었어요(어제부터)
✔️기존 ...고등어 한마리
✔️변경...고등어 반마리+꼬막무침
아쉬운점은 꼬막무침 양념이 도토리묵
양념맛이면 더 맛있을것 같아요~
(지금 양념으론 호불호 갈릴듯 함)
더보기",긍정
달빛에구운고등어 관저점,1번째 방문,여기 너무 맛잇고 리필바 잇는곳 넘 좋아해요 ㅎㅎ 또 올거에요,긍정
달빛에구운고등어 관저점,2번째 방문,"모놀로그66
리뷰 1,231사진 37팔로워 1
팔로우",중립
달빛에구운고등어 관저점,2번째 방문,"반찬이 다양해서 좋습니다.
고등어조림은 생선이 두 덩어리라 조금 아쉽네요.",긍정
달빛에구운고등어 관저점,1번째 방문,"음식이 맛있어요+3
개의 리뷰가 더 있습니다
펼쳐보기",긍정
달빛에구운고등어 관저점,1번째 방문,"음식이 맛있어요+4
개의 리뷰가 더 있습니다
펼쳐보기",긍정
달빛에구운고등어 관저점,4번째 방문,"아주 오랜만에 방문한 -달빛에구운고등어 관저점-
테이블 오더로
사진만 보고 고등어 반반과 갈치구이를 주문했는데
받고 보니까 전체 양념된 고등어...😵
사진은 반반 명칭은 양념으로 되어 있었음😴
갈치구이는 작년 보다 크기가 커졌는데 약간 퍽퍽한 느낌이라서 만족스럽지 않았어요🤔
물론 고등어구이는 사진과 명칭이 다른 것도 수정요청함✅️
개인적으로 저탄고지와 육식위주의 식사로 음식섭취에 식용유를 배제하므로 자주는 못 갈 것 같아요✅️
늦은 점심시간에도 먹을 수 있는 장점도 있어서 가끔은 이용하겠죠🤭
언제나 좋은 일만 가득하시기를 바랍니다🙏
더보기",부정
달빛에구운고등어 관저점,1번째 방문,"방문일
2.24.화
2026년 2월 24일 화요일",중립
달빛에구운고등어 관저점,1번째 방문,"고등어 체인점중에
지인 추천받아 찾아간곳
소문처럼 조림은 최고입니다
삼치구이는 좀더 구어서 내왔으면
좋다고 생각하네요
밑반찬도 깔끔하게 맛나요
더보기",긍정
달빛에구운고등어 관저점,1번째 방문,"샐러드 잡채등 다양한 셀프바 좋아요
생선구이 맛있어요
또가고 싶네요",긍정
달빛에구운고등어 관저점,1번째 방문,반찬도 많고 고등어도 따듯하고 정말 맛있어요. 또 오겠습니다.,긍정
달빛에구운고등어 전북도청점,14번째 방문,"음식이 맛있어요+4
개의 리뷰가 더 있습니다
펼쳐보기",긍정
달빛에구운고등어 전북도청점,1번째 방문,믿고 먹는 고등어!! 집 밖에서 맛있는 고등어 먹을 수 있어 행복하다😆,긍정
달빛에구운고등어 전북도청점,3번째 방문,"음식이 맛있어요+2
개의 리뷰가 더 있습니다
펼쳐보기",긍정
달빛에구운고등어 전북도청점,3번째 방문,"방문일
3.24.화
2026년 3월 24일 화요일",중립
달빛에구운고등어 전북도청점,1번째 방문,점심 특선 메뉴 너무 좋아요~~! 고등어 넘 맛있어요,긍정
달빛에구운고등어 전북도청점,1번째 방문,"음식이 맛있어요+2
개의 리뷰가 더 있습니다
펼쳐보기",긍정
달빛에구운고등어 전북도청점,1번째 방문,"생선구이는 무조건 달빛게구운고등어로 와요! 고등어는 살짝 짭잘하면서 촉촉하고 ㅜㅜ 삼치는 너무 부드러워요..! 기본 반찬도 알차게 나오고 즉석에서 계란말이가 나오는데 같이 먹으면 굿이에요!!!! 주기적으로 생각나는 곳이에요♥️♥️
더보기",중립
달빛에구운고등어 전북도청점,1번째 방문,고등어랑 꼬막비빔밥 너무 맛있어요! 반찬도 많아서 좋ㅇㅏ요~,긍정
달빛에구운고등어 전북도청점,1번째 방문,"ekkkksssssssql
리뷰 13사진 10
팔로우",중립
달빛에구운고등어 전북도청점,1번째 방문,"seaseatori
리뷰 220사진 33팔로워 5
팔로우",중립
달빛에 구운 고등어 전주아중점,2번째 방문,"음식이 맛있어요+3
개의 리뷰가 더 있습니다
펼쳐보기",긍정
달빛에 구운 고등어 전주아중점,1번째 방문,"생선구이 생각날땐 무조건 달빛고!!!
오늘도 역시 넘넘 맛있었어요~~ 뽈락 진짜 쫀득!!!
셀프바도 항상 만족스럽습니다~~👍🏻👍🏻",긍정
달빛에 구운 고등어 전주아중점,1번째 방문,"음식이 맛있어요+3
개의 리뷰가 더 있습니다
펼쳐보기",긍정
달빛에 구운 고등어 전주아중점,1번째 방문,고등어도 맛있고 갈치도 맛있어요. 셀프바음식도 너무 맛있어서 아이들과 잘 먹었습니다. 다음에 또 올게요,긍정
달빛에 구운 고등어 전주아중점,1번째 방문,다 좋은데 겉절이는 싱겁고 계란말이는 뻣뻣했어요 ㅜㅜ,긍정
달빛에 구운 고등어 전주아중점,1번째 방문,가족들과 함께 방문했어요 분위기도 좋고 음식이 정갈하고 맛있었어요 재방문 의사 있습니다 추천해요,긍정
달빛에 구운 고등어 전주아중점,1번째 방문,"항상 만족하고 가는 곳이예요! 여기서 볼락구이 처음 먹어봤는데 너무 괜찮아서 이젠 고정메뉴에요! 아이와 함께 와서 밥먹기도 좋고, 셀프바도 있어서 가성비 최고예요 ! 오늘은 고등어랑 볼락구이 시켰는데 제육볶음도 맛집입니당!
더보기",긍정
달빛에 구운 고등어 전주아중점,1번째 방문,"맛있어요. 가족단위로 오기 좋아요
아가도 어른도 만족",긍정
달빛에 구운 고등어 전주아중점,1번째 방문,오랜만에 고등어 너무 맛있게 먹었네여 ㅎㅎㅎ 감사합니다 !!,긍정
달빛에 구운 고등어 전주아중점,2번째 방문,"언제나 늘 와서 먹는 곳이예요~
반찬도 깔끔하고 입맛에 딱 맞아요.
가족들과 함께 오기에도 분위기며 정갈하고 좋습니다!",긍정
달빛에구운고등어 모현점,1번째 방문,"생선구이도 맛있고 뚝불, 고불도 맛있어서 항상 고민되는 집!!
잡채, 계란말이, 연근도 다 맛있어요!!",긍정
달빛에구운고등어 모현점,1번째 방문,"매장 넓은데두 깨끗 깔끔하고 직원 분들 친절하시구
서빙 로봇도 일을 너무 잘하네요~
생선 구이도 적당하게 구워졌어요",긍정
달빛에구운고등어 모현점,1번째 방문,"음식이 맛있어요+4
개의 리뷰가 더 있습니다
펼쳐보기",긍정
달빛에구운고등어 모현점,1번째 방문,"너무 맛있어요
생선냄새도 하나도 안나고 고기도 너무 맛있었습니다
감사합니다~~",긍정
달빛에구운고등어 모현점,1번째 방문,"친절하고 깨끗하고 맛있어서 자주와요. 펑소에는 생선을 가운데에 잘 놓아주시거나 적어도 물어보시고 배치하고 가셨는데 오늘은 툭 올려놓고 가네요.. 많이 바쁘실수 있죠 그래도 그전처럼 해주시면 좋겠습니다. 가게 방침이 바뀌신건 아니리라 믿습니다.
더보기",긍정
달빛에구운고등어 모현점,1번째 방문,"군산여행중 들려서 점심 먹엇어요 ^^
가족 식사하기 너무좋고 생선구이 먹고싶을때마다 올수 있는곳이라서 좋네요^^ 음식도 너무 맛있어서 밥몇공기 먹던 아들과 신랑 ㅋㅋ딸래미도 생선살 발라서 너무 잘먹엇어요♡
같이 간 지인들도 굿초이스였다네요 ~
더보기",긍정
달빛에구운고등어 모현점,2번째 방문,항상 맛있습니다! 매장도 늘 청결하고 직원분들도 친절하셔서 편하게 식사하고 왔습니다~~,긍정
달빛에구운고등어 모현점,3번째 방문,맛있는 저녁 잘먹었어요. 올때마다 맛있게 먹고갑니다.,긍정
달빛에구운고등어 모현점,1번째 방문,"음식이 맛있어요+3
개의 리뷰가 더 있습니다
펼쳐보기",긍정
달빛에구운고등어 첨단점,1번째 방문,"방문일
3.9.월
2026년 3월 9일 월요일",중립
달빛에구운고등어 첨단점,3번째 방문,"갈때마다 거의 만석~
셀프바가있는데 잡채부터 두부조림등등
다양하게 준비되있어요
생선중 고등어구이 강력추천!
더보기",긍정
달빛에구운고등어 첨단점,3번째 방문,"음식이 맛있어요+2
개의 리뷰가 더 있습니다
펼쳐보기",긍정
달빛에구운고등어 첨단점,2번째 방문,"고등어구이 먹으러갈 때 가용🫡😊
잡채랑 해가지고 먹으면 을매나 맛있게요 ㅎㅎ",긍정
달빛에구운고등어 첨단점,1번째 방문,"자주가는 생선구이 맛집!!
매번 두분이서 먹는거 맞냐물어보시는,,ㅎㅎㅎ
너무 맛있어서 밥두공기는 기본으로 먹고와요:)",긍정
달빛에구운고등어 첨단점,1번째 방문,"점심세트 메뉴가 있어서 특별한 반찬도 있고 2인, 4인 세트도 있으니 꼭 오셔서 가족과 함께 즐거운 식사하시면 좋겠어요! 주차장도 있답니다!",긍정
달빛에구운고등어 첨단점,2번째 방문,"음식이 맛있어요+3
개의 리뷰가 더 있습니다
펼쳐보기",긍정
달빛에구운고등어 첨단점,1번째 방문,들어오자마자 직원분들이 인사를해주셔셔 기분이좋았어요 가격에비해 양도많고 너무맛있아요 다른지점보다 더 맛있는것같고 셀프바반찬들도 너무맛있어요,긍정
달빛에구운고등어 첨단점,6번째 방문,"송아맘
리뷰 1,618사진 2,579팔로워 9
팔로우",중립
달빛에구운고등어 첨단점,1번째 방문,"음식이 맛있어요+1
개의 리뷰가 더 있습니다
펼쳐보기",긍정
달빛에구운고등어 군산미장점,1번째 방문,"저번에 방문하고 다시 재방문하였어요~!!
구성도 좋구 생선도 알맞게 구워져서 맛있었어요~!!
다음에도 또 재방문하겠습니당",긍정
달빛에구운고등어 군산미장점,2번째 방문,"음식이 맛있어요+4
개의 리뷰가 더 있습니다
펼쳐보기",긍정
달빛에구운고등어 군산미장점,8번째 방문,저번에는 안이랬는데 이번에는정신없네요.계산기도안되고한국인아줌마는짜증난다는식으로한숨쉬시고젓가락수저도없고여튼정신없는데 외국인직원분이더차분하니. 여든정사없었어요,중립
달빛에구운고등어 군산미장점,5번째 방문,"음식이 맛있어요+2
개의 리뷰가 더 있습니다
펼쳐보기",긍정
달빛에구운고등어 군산미장점,1번째 방문,"반찬도 뷔페식으로 잘 되어있고 음식도 맛있어요!!
떡볶이랑 누룽지도 무제한 리필할 수 있어서 넘 좋네요",긍정
달빛에구운고등어 군산미장점,1번째 방문,"고등어 무조림이랑 삼치구이 너무 맛있어요!
매장이 넓고 주차도 편해요
기본반찬도 많아서 좋네요 셀프바에 계란말이도 너므 마싯어욥 ㅎㅎㅎ",긍정
달빛에구운고등어 군산미장점,1번째 방문,"음식이 맛있어요+2
개의 리뷰가 더 있습니다
펼쳐보기",긍정
달빛에구운고등어 군산미장점,2번째 방문,"음식이 맛있어요+4
개의 리뷰가 더 있습니다
펼쳐보기",긍정
달빛에구운고등어 군산미장점,2번째 방문,"고등어 1등 맛집, 꼬막무침도 새로 나와서 먹어봤는데 넘 맛있네요!!",긍정
달빛에구운고등어 군산미장점,1번째 방문,"음식이 맛있어요+3
개의 리뷰가 더 있습니다
펼쳐보기",긍정
달빛에구운고등어 상무점,1번째 방문,"아이 의자 신경써주셔서 감사했습니다
사장님이 친절하시고 셀프바에 음식도 다양해서 아기 데리고 가기 정말 좋고 음식맛도 좋았습니다~
남편이 거의 네공기는 먹었네요^_^
더보기",긍정
달빛에구운고등어 상무점,1번째 방문,"친구들과 맛있게 식사했습니다
생선도 종류별로 있고 고추장불고기조합까지
와~~ 너무 양이 많았지만 다 먹었다는건
안비밀^^
가족과 또 방문할려구요
어르신들도 좋아할 반찬들도 많고
밑반찬 다 맛있어요^
강추~~백만번!!!!
더보기",부정
달빛에구운고등어 상무점,1번째 방문,"최악입니다. 화덕구이인데 이미 구워진 생선을 데워서 나오고 한참 식은 뒤에 데워준것인지 생선은 딱딱하고 질기고 말라있네요. 주문한지 3분만에 나올때 의심했어야 했는데 가족과 왔는데 미안할 정도네요. 다시는 이용할 생각없습니다.
더보기",부정
달빛에구운고등어 상무점,1번째 방문,마감시간에 갔는데도 사장님이 친절하게 챙겨주셨어요 근래 본 식당중에 제일 친절하시고 서비스도 좋고 맛도 좋아서 기분좋게 먹었어용,긍정
달빛에구운고등어 상무점,1번째 방문,"방문일
2.28.토
2026년 2월 28일 토요일",중립
달빛에구운고등어 상무점,1번째 방문,"양이 많아요+2
개의 리뷰가 더 있습니다
펼쳐보기",중립
달빛에구운고등어 상무점,1번째 방문,반찬 깔끔하고 기깔나게 맛있음. 생선 신선도와 과한 굽기만 좀더 개선된다면 재방문 의사 있음.,긍정
달빛에구운고등어 상무점,1번째 방문,"절대 다시는 가지 않습니다.
오픈 전에 와서 미리 주차해놓고 직원이 들어와서 기다리라고 했는데 오픈안했다고 다시 밖으로 나가라고 함(표정썩음). 성인4명에 애기 2명인데 6인석 못앉게함. 테이블에서 주문하는 태블릿이 있어서 각자 시켰는데 주문이 같이 들어왔다고 헷갈리게 주문했다고 손님탓함. 옆테이블이랑 메뉴가 바뀌어서 나왔는데 사장은 사과도 안함. 기분 더럽고 맛도 별로여서 먹다가 그냥 나옴. 사장님! 그렇게 장사하시고 돈 많이 버세요~ 어차피 저같은 사람은 두번다시 안보셔도 상관없잖아요 그쵸? 웬만하면 좋은 리뷰 아니면 리뷰 잘 안다는데 여긴 꼭 남겨야할거같아서 생각나서 남겨요^^
더보기",부정
달빛에구운고등어 상무점,3번째 방문,"평일, 주말할 것 없이 점심시간엔 항상 웨이팅이 있을 정도로 상무지구 생선구이 맛집이에요. 저희는 토요일 1시쯤 도착했는데 웨이팅 6번째였고, 10분 조금 넘게 기다렸다 들어 갔어요.
✔️고등어구이 (반마리) 12,500원
450℃ 화덕에 구운 고등어는 겉바속촉의 정석이에요. 비린 맛 전혀 없이, 꼬~소함으로 꽉 차 있어서 순식간에 공깃밥 하나가 털려요ㅠㅠ 진짜 밥도둑계의 대도가 따로 없습니다ㅎㅎ그리고 계란말이, 두부조림, 잡채 등 12첩 계절 반찬이 무한리필이라 너무 좋아요. 맛도 집밥 느낌으로 반찬만으로도 한공기 뚝딱입니다. 생선구이 좋아하신다면 한번 방문해 보세요~
더보기",부정
달빛에구운고등어 상무점,7번째 방문,"음식이 맛있어요+4
개의 리뷰가 더 있습니다
펼쳐보기",긍정
달빛에구운고등어 분평점,1번째 방문,"고등어 좋아해서 어머니 모시고 방문했어요.
고등어가 촉촉하고 맛있어요. 다음에 또 올께요.
번창하세요 ^^",긍정
달빛에구운고등어 분평점,1번째 방문,"음식이 맛있어요+1
개의 리뷰가 더 있습니다
펼쳐보기",긍정
달빛에구운고등어 분평점,1번째 방문,겉바속촉 고등어에 정갈하게 밥상 한 상 먹으니 든든합니다!! 셀프바에서 계란말이랑 잡채 가져다 먹는 것도 맘에 들어요. 점심특선 먹으러 자주 올 것 같네요🤭,중립
달빛에구운고등어 분평점,1번째 방문,"소문난 생선구이 맛집이라고 해서 찾아 왔어요.
생선구이 맛있네요.
그 중 고등어 구이는 진짜 맛있네요.
오늘은 모둠구이 한상을 먹었는데, 다음에는 모둠구이 한상보다는 고등어 구이로만 먹을까 봐요.
더보기",긍정
달빛에구운고등어 분평점,1번째 방문,"음식이 맛있어요+3
개의 리뷰가 더 있습니다
펼쳐보기",긍정
달빛에구운고등어 분평점,1번째 방문,"음식이 맛있어요+3
개의 리뷰가 더 있습니다
펼쳐보기",긍정
달빛에구운고등어 분평점,2번째 방문,"음식이 맛있어요+4
개의 리뷰가 더 있습니다
펼쳐보기",긍정
달빛에구운고등어 분평점,1번째 방문,"음식이 맛있어요+4
개의 리뷰가 더 있습니다
펼쳐보기",긍정
달빛에구운고등어 분평점,1번째 방문,"음식이 맛있어요+3
개의 리뷰가 더 있습니다
펼쳐보기",긍정
달빛에구운고등어 분평점,1번째 방문,"음식이 맛있어요+4
개의 리뷰가 더 있습니다
펼쳐보기",긍정
달빛에구운고등어 김제점,2번째 방문,"음식이 맛있어요+4
개의 리뷰가 더 있습니다
펼쳐보기",긍정
달빛에구운고등어 김제점,1번째 방문,"가족모임할때랑 평소에 자주 방문해요.
여러 지역 다녀봤지만 김제점이 제일 맛있었어요!

샐러드바 음식도 너무 깔끔하고 예쁘게 준비돼있고 간도 짜지않고 딱 좋아요. 덕분에 아기가 너무 잘먹어요^^

그리고 매장 인테리어도 좋아서 데이트, 가족모임, 단체모임, 점심식사나 저녁에 반주하면서 식사하기까지 어떤자리든 너무너무 추천하는 식당이예요.

사실 가격도 저렴한데 저희가 너무 잘먹고와서 죄송하기도해요.ㅠㅠ
진작 리뷰쓸 생각을 못하고 있다가 이제야 올리네요.
앞으로도 자주 방문할게요^^
더보기",긍정
달빛에구운고등어 김제점,1번째 방문,"인테리어가 멋져요+2
개의 리뷰가 더 있습니다
펼쳐보기",중립
달빛에구운고등어 김제점,1번째 방문,"방문일
3.12.목
2026년 3월 12일 목요일",중립
달빛에구운고등어 김제점,1번째 방문,"음식이 맛있어요+4
개의 리뷰가 더 있습니다
펼쳐보기",긍정
달빛에구운고등어 김제점,1번째 방문,전체적으로 깔끔하고 음식도 맛있고 직원분들도 친절합니다. 담에 또 오고싶네요^^,긍정
달빛에구운고등어 김제점,1번째 방문,"이곳에 오면 다양한 반찬과 맛있는 생선구이를 먹을수 있어서 좋아요
든든하게 잘 먹었습니다",긍정
달빛에구운고등어 김제점,1번째 방문,"내가 좋아하는 달빛
평소에 동네 지점가는데
데이트겸 김제 첫방문
1시 넘어 도착해서~~
대기줄이 넘친 명절 연휴~
단체팀이 많았던거 같아요~
40~50분 기다리고
정신없는 매장 직원에게 안내가 없으니
물어가면 물어가면
자리나서 앉았는데
맨 안쪽( 설거지 하는곳)

음식맛은 달빛체인점인 만큼
맛 괜찮고 좋음~

와~바쁘고 ~바쁜 분위기
그 자리는 정말 아니였습니다ㅜ
거세진 설거지 소리에
땅에 떨어진 그릇 소리에
무슨 꾀과리 소리인지 먹는 동안
기계설거지 .물에 담그는 그릇소리
밥그릇 치울때 긁어 음식물 버리는 소리
코로 들어간지? 입으로 들어간지? 먹고 나왔으나 귀가 너무 아픈 식사는 처음입니다.
와~그 자리는 피해주세요 제발
더보기",긍정
달빛에구운고등어 김제점,1번째 방문,전라도 음식아시죠? 말해뭐해 존맛탱입니다요~ 할무니 할부지 모시고 먹으러 왔는데 맛있게 먹고 갑니당!! 집주변에 이런곳이 있는지 몰랐어요 종종 모시고 올거같아뮤,긍정
달빛에구운고등어 김제점,2번째 방문,"음식이 맛있어요+3
개의 리뷰가 더 있습니다
펼쳐보기",긍정
달빛에구운고등어 평택송탄점,1번째 방문,"사진을 너무 못 찍어서 죄송합니다.
이제 20개월 된 아기와 저녁 외식을 하려고 어디 갈지 검색하다가 알게 된 곳이에요.
생선구이뿐만 아니라 12첩 반찬 뷔페도 있어서 아기가 먹을 수 있는 메뉴가 있어 좋더라고요.
맛도 좋고요.
다음에 또 와야겠어요 😊
더보기",긍정
달빛에구운고등어 평택송탄점,4번째 방문,"음식이 맛있어요+2
개의 리뷰가 더 있습니다
펼쳐보기",긍정
달빛에구운고등어 평택송탄점,1번째 방문,"직원분들이 친절하시네요 떡볶이,누룽지 맛있어요
밑반찬을 잘하는듯 가족들하고 오기좋아요 주차하기도 편해요",긍정
달빛에구운고등어 평택송탄점,1번째 방문,"셀프바가 있고 주차장이 넓어서
이용하기 너무 편했어요!",긍정
달빛에구운고등어 평택송탄점,1번째 방문,"생신이 화덕이라 너무 맛있어요.반찬도 12첩이라 다양하게 먹을 수 있어서 너무 좋고, 맛도 일품입니다.
지주 방문할 것 같아요.
직원분들도 친절차고 매장도 깨끗해요
더보기",긍정
달빛에구운고등어 평택송탄점,4번째 방문,"화덕구이 생선의 갓구운 참맛을 함께하는 행복을 위해,
초심!",중립
달빛에구운고등어 평택송탄점,1번째 방문,처음와봤는데 양도 많구 맛있어요ㅎㅎㅎ너무 만족스러운 한 끼에요!!,긍정
달빛에구운고등어 평택송탄점,1번째 방문,"음식이 맛있어요+4
개의 리뷰가 더 있습니다
펼쳐보기",긍정
달빛에구운고등어 평택송탄점,1번째 방문,"음식이 맛있어요+4
개의 리뷰가 더 있습니다
펼쳐보기",긍정
달빛에구운고등어 평택송탄점,5번째 방문,화덕에 구워 담백해서 좋아요. 셀프바에 있는 빈찬들도 맛있고.. 건강하게 식사하기 좋아요.,긍정
달빛에구운고등어 진해점,1번째 방문,"진짜 생선이 너무 부드럽고 생선안먹는 아이가 너무 잘먹었습니다^^
또 방문할게요^^",중립
달빛에구운고등어 진해점,1번째 방문,"고등어 튼실하고 좋아요~ 반찬도 셀프로 먹을수있어서 좋구요~ 맛납니다^^
아이도 좋아해요~",긍정
달빛에구운고등어 진해점,1번째 방문,지나가다가 보고 우연히 방문했는데 음식 양도 많고 너무 만족스럽게 먹고 갑니다!! 무엇보다 사람들이 많아서 맛집 느낌이 나는 것 같네요~~ 다음에도 기회가 된다면 또 방문할게요~~~!!,중립
달빛에구운고등어 진해점,1번째 방문,"가성비가 너무 좋아요
생선도 토실토실 부들부들해서 증말 맛있습니다",긍정
달빛에구운고등어 진해점,1번째 방문,"일단 맛 자체도 다른 지점 보다 별로고 종업원이 귀찮은건지 일 하기 싫으시면 말로 하세요. 꼭 굳이 손님한테 콕 집어서 이상한 소리 해가면서 스트레스 푸시는거 같습니다! 연휴에 일한다고 기분 잡친다고 투덜대는건진 몰라도 중년 여성 알바분 일 잘하시는 것도 아닌거 같던데 일하기 싫은지 그렇게 표정 썩은채로 일 할거면 그냥 집에서 쉬시고 괜히 손님한테 뭐라 쿠사리 넣지 마시고 나오지 마세요 손님 기분 잡치게 하는데는 일가견이 있으신거 같습니다~ 다음에 지나가다가 그 아줌마 없으면 다시 들리겠습니다
더보기",부정
달빛에구운고등어 진해점,1번째 방문,"음식이 맛있어요+1
개의 리뷰가 더 있습니다
펼쳐보기",긍정
달빛에구운고등어 진해점,1번째 방문,"생선구이랑 고추장불고기도 맛있는데 샐러드바에 반찬들도 퍼먹다보니 배가 터질듯이 하네요^^
마지막에 숭늉떠와서 마무리했습니다!!
너무좋네요^^
더보기",긍정
달빛에구운고등어 진해점,2번째 방문,"방문일
2.11.수
2026년 2월 11일 수요일",중립
달빛에구운고등어 진해점,1번째 방문,"허겁지겁 먹는다고 메인을 못찍었네요
고등어구이도 같이 나오는 미역국도 반찬들도 다 맛있어요
부족한 반찬은 셀프바에서 담아먹을 수 있고
아이들이 좋아하는 소세지 계란말이도 있어서 만족스럽네요
전체적으로도 깔끔한 분위기라 지인들과 어른들과 함께 식사하기에도 좋아요^^
더보기",긍정
달빛에구운고등어 진해점,1번째 방문,"음식이 맛있어요+1
개의 리뷰가 더 있습니다
펼쳐보기",긍정
달빛에구운고등어 대전월드컵점,4번째 방문,"음식이 맛있어요+4
개의 리뷰가 더 있습니다
펼쳐보기",긍정
달빛에구운고등어 대전월드컵점,1번째 방문,"음식이 맛있어요+2
개의 리뷰가 더 있습니다
펼쳐보기",긍정
달빛에구운고등어 대전월드컵점,1번째 방문,아이랑 같이 오기 좋아요! 생선구이는 물론 샐러드바 계란말이도 맛있구요 👍,긍정
달빛에구운고등어 대전월드컵점,1번째 방문,"완~~~전 마시떠요 ㅎㅎㅎ 직원분들 친절하시고
카운터에 계신 사장님?이 아기도 잘 챙겨주셨어요!!!
담에 또 갈게용~~~👏🏻👏🏻👏🏻",긍정
달빛에구운고등어 대전월드컵점,1번째 방문,"기본 밑반찬이 많아서 좋아요
생선들도 크기가 크고 부드러워요!",긍정
달빛에구운고등어 대전월드컵점,1번째 방문,"고등어도 화덕에 잘구어져 나왔고,제육도 철판에 뜨근하게 나와요~오늘은 잡채도 맛있었고~셀프바에 여러가지가 있어요.포장용기 주문하면 셀프포장가능합니다.",긍정
달빛에구운고등어 대전월드컵점,1번째 방문,"저도 장사를 하는 사람이지만 ..
알바생들 라텍스장갑은 왜끼는거죠..? 정리할때
음식물만진장갑 그대로 서빙나오고 생선가져다주면서 기본반찬에 장갑닿고 ..음료가져다주고..그럴빠엔 맨손이 더 청결할거같아요..아쉽네요
더보기",긍정
달빛에구운고등어 대전월드컵점,1번째 방문,"달빛에구운고등어 대전월드컵점
3.5.목
안녕하세요, jsruthlee님! 🌟 생선을 드시고 싶을 때 저희 달빛에구운고등어에 자주 와주신다니 정말 기쁘네요! 고등어구이 맛있게 드셨다니 저도 너무 행복해요. 앞으로도 저희 가게에서 맛있는 음식을 즐기시길 바랄게요! 감사합니다! 😊
더보기",긍정
달빛에구운고등어 대전월드컵점,1번째 방문,"달빛에구운고등어 대전월드컵점
3.3.화
안녕하세요, 버스탄참치님! 😊 저희 달빛에구운고등어 대전월드컵점에 방문해주셔서 정말 감사드려요! 깔끔하고 맛있게 드셨다니 너무 기쁘네요. 계란말이 무한리필도 즐기셨다니 다행이에요! 다음에도 맛있고 깔끔한 음식으로 찾아뵐게요! 감사합니다! 💛
더보기",긍정
달빛에구운고등어 대전월드컵점,1번째 방문,"달빛에구운고등어 대전월드컵점
3.3.화
안녕하세요, han****님! 🌙 고등어구이를 맛있게 드셨다니 정말 기쁘네요! 다음에 또 오신다니 기대가 되어요! 언제든지 환영합니다. 다시 뵐 수 있기를 소망합니다. 감사합니다! 😊",긍정
달빛에구운고등어 동탄예당마을점,4번째 방문,"동탄 출장오는데 매번 달빛고 와요 ~!
더 촉촉하고 맛도 있고 반찬도 다양하니
자꾸 찾아오게 되더라고요!ㅎㅎ

오늘도 잘 먹었습니다 ㅎㅎ 추추 강추
더보기",중립
달빛에구운고등어 동탄예당마을점,2번째 방문,"믿고 먹는 맛집 💕
생선구이가 생각 날 때마다
꼭 오는 곳인데 올때마다
맛이 더 맛있어지네용
아이도 좋아해서 저희 단골 외식 메뉴입니닷
더보기",긍정
달빛에구운고등어 동탄예당마을점,4번째 방문,"동탄동탄~ 달빛에구운고등어~~
언제 와서 먹어도 맛있구만요👀💓
밥 한공기 뚝딱했지 뭐야~~~
밑반찬 다양한거 너무 좋아요💓💓
번창하세요!!
더보기",긍정
달빛에구운고등어 동탄예당마을점,1번째 방문,"음식이 맛있어요+3
개의 리뷰가 더 있습니다
펼쳐보기",긍정
달빛에구운고등어 동탄예당마을점,4번째 방문,오랜만에 방문했는데 가격이 조금 올랐어요. 생선이 작아지고 꼬막무침이 추가됐네요. 푸짐하게 식사할 수 있는 곳이에요.,중립
달빛에구운고등어 동탄예당마을점,5번째 방문,"방문일
3.3.화
2026년 3월 3일 화요일",중립
달빛에구운고등어 동탄예당마을점,1번째 방문,"고등어 특히특히 맛있습니다!
찬중에는 미역줄기볶음 넘 좋아해요~~~
남녀노소 누구와 함께 해도 좋아할만한 곳인거 같아요",긍정
달빛에구운고등어 동탄예당마을점,2번째 방문,"팥죽에
리뷰 4,892사진 15,105팔로워 177
팔로우",중립
달빛에구운고등어 동탄예당마을점,7번째 방문,"헹보칸녀헹좌
리뷰 1,339사진 718팔로워 22
팔로우",중립
달빛에구운고등어 동탄예당마을점,14번째 방문,"sooseok738
리뷰 1,285사진 279
팔로우",중립
달빛에구운고등어 부안점,7번째 방문,"음식이 맛있어요+4
개의 리뷰가 더 있습니다
펼쳐보기",긍정
달빛에구운고등어 부안점,1번째 방문,"셀프바에 계란말이가 맛있어요 잡채랑 잘먹었어요
생선구이도 촉촉하게 잘구어졌네요",긍정
달빛에구운고등어 부안점,1번째 방문,"음식이 맛있어요+2
개의 리뷰가 더 있습니다
펼쳐보기",긍정
달빛에구운고등어 부안점,1번째 방문,"음식이 맛있어요+4
개의 리뷰가 더 있습니다
펼쳐보기",긍정
달빛에구운고등어 부안점,1번째 방문,"음식이 맛있어요+4
개의 리뷰가 더 있습니다
펼쳐보기",긍정
달빛에구운고등어 부안점,1번째 방문,"아이들과 부안 여행왔다가 들렀어요 ㅎㅎ
ㅎㅎ너무 고소하고 맛있고 매장도 청결하고 좋아요.
맛있게 잘 먹고갑니다.
다음에 또 올게요 😄
더보기",긍정
달빛에구운고등어 부안점,1번째 방문,와… 너무맛있어요. 처음 방문했는데 어머니가 너무 좋아하시네요. 대만족 하신다고 ㅋㅋㅋ 다른곳에있는 딸들 손자데리고오면 좋겠다고 몇번을 말하시네요. 너무 만족합니다,긍정
달빛에구운고등어 부안점,1번째 방문,"생선구이 먹고 싶어 검색해서 찾아왔어요!
생선이 담백하고 맛있어서 배불러도 계속 먹게 되네요
강추입니다~",긍정
달빛에구운고등어 부안점,1번째 방문,자주 오는 식당이에요~ 올때마다 맛있게 잘 먹고 갑니다.,긍정
달빛에구운고등어 부안점,1번째 방문,"음식이 맛있어요+1
개의 리뷰가 더 있습니다
펼쳐보기",긍정
달빛에구운고등어 대전관평점,3번째 방문,저히 커플의 또간집!! 한달에 1번은 꼭와요 고등어 최고,긍정
달빛에구운고등어 대전관평점,1번째 방문,"반찬 리필도 되고, 계란말이 잡채도 맛있어요
아이들이랑 다음번에 또 올께요~!",긍정
달빛에구운고등어 대전관평점,1번째 방문,"음식이 맛있어요+3
개의 리뷰가 더 있습니다
펼쳐보기",긍정
달빛에구운고등어 대전관평점,1번째 방문,지인들 추천으로 갔는데 맛도 있고 샐러드 바도 깨끗해요~ 다음에 부모님 모시고 오고 싶엉ㅅ ㅎㅎ,긍정
달빛에구운고등어 대전관평점,1번째 방문,"음식이 맛있어요+4
개의 리뷰가 더 있습니다
펼쳐보기",긍정
달빛에구운고등어 대전관평점,1번째 방문,동생네 가족이랑 다같이 와서 맛있게 먹고가요 음식도 맛있고 매장도 넓어서 쾌적해요 애기의자도있어서 편하게 식사할수있었습니다,긍정
달빛에구운고등어 대전관평점,2번째 방문,"맛있습니다. 고등어가 촉촉해서 너무 좋네요. 굽기도 적절하고 딱입니다 ㅎㅎ
추천합니다",긍정
달빛에구운고등어 대전관평점,3번째 방문,맛있어요 반찬도 부족하지 않게 가져다 먹을 수 있고 생선구이도 너무 잘 구워져서 윤기있게 기름 촉촉 먹을 수 있답니다,긍정
달빛에구운고등어 대전관평점,1번째 방문,고등어랑 계란말이랑 꼬막이랑 밑반찬 특히 도라지가 맛있었었습니다,긍정
달빛에구운고등어 대전관평점,1번째 방문,올 때마다 맛있게 먹어요 셀프바에 음식들도 다 맛있고 생선도 부드럽고 다 맛있어요~~!!,긍정
달빛에구운고등어 오산점,1번째 방문,"음식이 맛있어요+3
개의 리뷰가 더 있습니다
펼쳐보기",긍정
달빛에구운고등어 오산점,1번째 방문,"음식이 맛있어요+4
개의 리뷰가 더 있습니다
펼쳐보기",긍정
달빛에구운고등어 오산점,1번째 방문,맛있게 잘 먹었습니다. 주차장 넓고 든든한 한끼로 추천드립니다. 주말 외식으로도 추천합니다.,긍정
달빛에구운고등어 오산점,2번째 방문,"생선 구이 좋아해서 부모님 모시고 방문 했어요:)
오늘는 조림을 못먹어서 아쉬웠어요 ㅠㅠ
조림도 맛있는데...!
다음에 또 오겠습니당
더보기",긍정
달빛에구운고등어 오산점,2번째 방문,"음식이 맛있어요+2
개의 리뷰가 더 있습니다
펼쳐보기",긍정
달빛에구운고등어 오산점,2번째 방문,"방문일
3.22.일
2026년 3월 22일 일요일",중립
달빛에구운고등어 오산점,1번째 방문,"구성도 좋고, 반찬들도 맛있어요. 메인 생선도 화덕에 구워 맛있구요. 푸짐하게 먹을수있어 좋아요.",긍정
달빛에구운고등어 오산점,1번째 방문,"생선 냄새도 맛있고 눈으로도 한번맛보고 맛도 좋아요
잘먹을게요",긍정
달빛에구운고등어 오산점,1번째 방문,"반찬이 푸짐하고 생선도 바로구워서 맛있어요.
아이들도 잘먹어서 가족나들이로 좋습니다^^
#달빛에구운고등어오산점
#달빛고오산점
더보기",긍정
달빛에구운고등어 오산점,1번째 방문,"음식이 맛있어요+4
개의 리뷰가 더 있습니다
펼쳐보기",긍정
달빛에구운고등어 중촌점,1번째 방문,두돌 아기랑 같이왔는데 아기 먹일게 많고 간도 적당해서 아기랑 먹기 좋았어요.깨끗하고 자리듀 넓어서 좋았어요,긍정
달빛에구운고등어 중촌점,1번째 방문,"음식이 맛있어요+4
개의 리뷰가 더 있습니다
펼쳐보기",긍정
달빛에구운고등어 중촌점,2번째 방문,"음식이 맛있어요+4
개의 리뷰가 더 있습니다
펼쳐보기",긍정
달빛에구운고등어 중촌점,1번째 방문,"음식이 맛있어요+2
개의 리뷰가 더 있습니다
펼쳐보기",긍정
달빛에구운고등어 중촌점,1번째 방문,너무 맛있어요! 맛있는 반찬들도 직접 ㅇ원하는 양 많큼 가져올 수 있어서 좋았어요!,긍정
달빛에구운고등어 중촌점,1번째 방문,"음식이 맛있어요+4
개의 리뷰가 더 있습니다
펼쳐보기",긍정
달빛에구운고등어 중촌점,1번째 방문,"아이와 함께 맛있는 생선구이 한상 시키니 어른도 좋고 아이들도 잘 먹고 만족스러운 식사였습니다.
계란말이도 있어서 특히 아이들이 좋아했어요^^
가족단위 식사로 추천합니다
더보기",긍정
달빛에구운고등어 중촌점,1번째 방문,"음식이 맛있어요+4
개의 리뷰가 더 있습니다
펼쳐보기",긍정
달빛에구운고등어 중촌점,1번째 방문,"매주 와서 먹는데 처음 리뷰 남기네요.
항상 너무 맛있게 먹고 있습니다",긍정
달빛에구운고등어 중촌점,2번째 방문,"음식이 맛있어요+4
개의 리뷰가 더 있습니다
펼쳐보기",긍정
달빛에구운고등어 수완장덕점,3번째 방문,"음식이 맛있어요+1
개의 리뷰가 더 있습니다
펼쳐보기",긍정
달빛에구운고등어 수완장덕점,2번째 방문,"가끔 들리는곳이예요~~
음식이 정갈하고 반찬도 맛있어요~~
지인들이랑 오면 맛있게 먹을수 있어요~",긍정
달빛에구운고등어 수완장덕점,1번째 방문,깔끔한 반찬과 미역국에 뷔페형 반찬들까지 가성비좋게 맛있게 먹었습니다!,긍정
달빛에구운고등어 수완장덕점,3번째 방문,음식이 정갈하고 맛있어요~애들데려오기에도 너무좋고 온가족 식사 뚝딱이네요ㅎㅎ,긍정
달빛에구운고등어 수완장덕점,2번째 방문,"음식이 맛있어요+3
개의 리뷰가 더 있습니다
펼쳐보기",긍정
달빛에구운고등어 수완장덕점,1번째 방문,"고등어 양념구이: 매콤달콤한 양념이 노릇하게 구워진 고등어와 환상궁합입니다. 쪽파와 깨가 듬뿍 올라가 고소함까지 완벽해요. 비린내 없이 속살이 정말 부드럽네요!
고등어 조림: 뚝배기에 보글보글 끓여 나와 마지막까지 따뜻합니다. 잘 익은 무와 칼칼한 국물이 배어든 고등어 살을 밥에 슥슥 비벼 먹으니 그야말로 '밥도둑'이 따로 없네요.
총평: 구이와 조림 둘 다 놓칠 수 없는 곳! 깔끔한 밑반찬까지 더해져 든든한 한 끼 식사로 최고였습니다. 재방문 의사 200%입니다!
더보기",긍정
달빛에구운고등어 수완장덕점,1번째 방문,"식당인테리어도 너무 이쁘고 분위기가 좋아요
생선도 너무 맛있네요
부모님이랑 와도 좋은거같아요
다음에 또 올게요~
더보기",긍정
달빛에구운고등어 수완장덕점,1번째 방문,"아이들이 좋아해서 왔는데 정신없이 먹었네요!
정말맛있어요.",긍정
달빛에구운고등어 수완장덕점,1번째 방문,"음식이 맛있어요+2
개의 리뷰가 더 있습니다
펼쳐보기",긍정
달빛에구운고등어 수완장덕점,1번째 방문,"가성비좋아요 ~~~!!
반찬도 메인도 너무 맛있어서 배부르게 먹고갑니다 !",긍정
달빛에구운고등어 남원점,1번째 방문,"선택키워드가5개라서..더많은뎅..
처음가봤는데.너무음식이맛있고 깔끔하고.셀프바가잘돼있어서 눈치안보고먹으니좋아요
테이블간격도넓어서 애들이옆테이블에서 떠들어도 덜신경쓰이네요
고등어도 화덕에구우니 담백하고 제육볶음에양배추도많고 불맛도좋아요
한정메뉴라고 꼬막무침이있는데.양념이좀싱겁다생각했는데 큰그릇달라고해서 생채? 랑같이넣고비벼먹으니 너무너무맛있었어요
자주갈거같아요
더보기",긍정
달빛에구운고등어 남원점,2번째 방문,"방문일
3.7.토
2026년 3월 7일 토요일",중립
달빛에구운고등어 남원점,1번째 방문,다양한 생선 조합은 좋으나 2인 세트는 약간 부담스러움(가격&양),긍정
달빛에구운고등어 남원점,1번째 방문,"음식이 맛있어요+4
개의 리뷰가 더 있습니다
펼쳐보기",긍정
달빛에구운고등어 남원점,1번째 방문,"달빛고는 전주에서 많이 갔었는데, 전주보다 남원점이 더 맛있네요!!",긍정
달빛에구운고등어 남원점,1번째 방문,설 연휴에 들렀어요. 깔끔하고 정갈한 밥상이네요. 12시경 식당에 도착한것같은데 잠시 후에 대기줄이 생겼어요. 대기하지않으려면 조금 일찍 가시는게 좋을것같아요,긍정
달빛에구운고등어 남원점,1번째 방문,"점심특선 같은 메뉴를 둘이서 시켰는데 1인분씩 그릇에 담겨져 나와요. (왜 그런지 모르겠지만 저는 당연히 2인분이 같은 그릇에 담긴다 생각했네요^^;;) 다른 메뉴로 시켰으면 여러 가지 맛볼 수 있었을 텐데.. 하며 조금 후회했어요. 다음에 또 가게 되면 이제 주문 잘할 수 있을 것 같아요!
여기는 반찬들이 뷔페처럼 되어 있어서 좋았어요. 종류가 엄청 많은 건 아니지만 다양하게 맛볼 수 있어요.
메인 시키고 뷔페 반찬 같이 먹으면 정말 든든하게 먹을 수 있습니다. 가선비 정말 좋은 것 같아요. 생선 잘 구워요.
그러니 꼭!! 뷔페는 먹을 수 있는 만큼 가져와서 먹으면 좋겠어요~!!! 남기는 거 보면 마음이 아파요...
더보기",긍정
달빛에구운고등어 남원점,1번째 방문,"화덕에 구워서 나오는 생선이라 느끼함 없고
간도 딱 좋고 촉촉해서 맛있었어요.
메인 요리뿐만 아니라 밑반찬도 맛있어요.
반찬 가지수가 많고 셀프바가 있어서 리필이 가능하다는 점도 좋았어요.
특히 구수한 누룽지나 후식 코너가 준비되어 있어 좋았구요.
직원분들도 친절해요.
내부가 넓고 깔끔하고 가족 외식이나 모임 장소로도 적합할거 같아요.
주차 공간이 넓어 주차 시간 소요가 없는 것도 장점인거 같아요
더보기",긍정
달빛에구운고등어 남원점,1번째 방문,"바로 만들어주는 달걀말이가 👍
생선구도 맛있고 밑반찬도 종류도 많고 좋아요😀
체인점이라고 반찬이 다 똑같은건 아닌가봐요
추가가 된건지 볶음우동있는건 처음봤네요~
더보기",긍정
달빛에구운고등어 남원점,1번째 방문,매장이 넓고 깨끗해 같이 온 친구들도 좋아하더라구요 청결 뿐만아니라 겉바속촉 제대로인 생선구이와 제철 반찬들이 많아 입이 즐거운 하루였습니다❤️❤️,긍정
달빛에구운고등어 목포대양점,1번째 방문,"고등어 싱겁지 않고 간 딱 맞아서 잘 먹었습니다!
밑반찬도 다양하게 먹을 수 있구요
특히 계란말이랑 파김치 그리고 시금치나물이 맛있네요 ㅎㅎ
고등어 양도 많아서 배터지게 먹었습니다
집 근처라 다음에 또 올게요
저녁 7시 넘어서 방문했고 혼밥도 가능해요!
더보기",긍정
달빛에구운고등어 목포대양점,1번째 방문,"아이가 생선을 잘 먹어서 아이랑 몇 번 왔
는데 반찬도 다 맛있고 생선도 맛있어서 생선 먹을때는 여기로 와요. 목포에 달빛고가 두군데 있는데 개인적으로 여기가 반찬이 더 맛있어요. 직원분도 친절하시고 맛있게 잘 먹었습니다. 또 방문할게요^^
더보기",긍정
달빛에구운고등어 목포대양점,1번째 방문,"옛날에 종종 갔었다가 못왔었는데
오늘 오랜만에 와서 먹으니 옛날이랑 똑같이
맛있어요!! 반찬도 더 다양해진 것 같고
양념있는 고등어 너무 맛있습니당😀
더보기",긍정
달빛에구운고등어 목포대양점,1번째 방문,아이와 함께 종종 오는 곳인데 건강한 맛+깔끔한 인테리어+ 친절한 종업원까지 만족스러운 식당입니다👍,긍정
달빛에구운고등어 목포대양점,1번째 방문,"음식이 맛있어요+4
개의 리뷰가 더 있습니다
펼쳐보기",긍정
달빛에구운고등어 목포대양점,1번째 방문,"매장이 넓어요+1
개의 리뷰가 더 있습니다
펼쳐보기",긍정
달빛에구운고등어 목포대양점,3번째 방문,"음식이 맛있어요+4
개의 리뷰가 더 있습니다
펼쳐보기",긍정
달빛에구운고등어 목포대양점,1번째 방문,"가족과 함께 방문했어요 맛도좋고 양도푸짐한데 셀프바까지있어서 다양한 반찬들을 먹을수있는것같아서 좋았어요 매장도 넓고 쾌적하더라구요 차분한노래가 나오는데 저까지 괜히 차분해지고 ㅎㅎ 직원분들이 친절해요!
더보기",긍정
달빛에구운고등어 목포대양점,2번째 방문,"재료가 신선해요+2
개의 리뷰가 더 있습니다
펼쳐보기",중립
달빛에구운고등어 목포대양점,3번째 방문,"아이가 좋아하는곳^
음식이 너무맛있고 늘 실망시키지 않은 식사로 만족감은 한결같아요~
밥먹고 커피마시고 세차하고 항상 편하고 좋습니다.",부정
달빛에구운고등어 순천법원점,1번째 방문,"늘 맛있게 푸짐하게 식사 헐 수 있는 곳!
늘 고맙습니다:)",긍정
달빛에구운고등어 순천법원점,6번째 방문,"고등어가 아주 실하고 가성비가 좋은 맛집이에요
계란말이가 샐러드바에 있는데 간이 삼삼해서 자극적이지 않고 먹기 좋아요
건강식이 땡길때 즐겨찾는 집이에요!
더보기",긍정
달빛에구운고등어 순천법원점,1번째 방문,반찬들도 다 맛있고 생선구이도 너무 맛있었어요 !!!! 간이 딱 좋아용,긍정
달빛에구운고등어 순천법원점,1번째 방문,"방문일
3.24.화
2026년 3월 24일 화요일",중립
달빛에구운고등어 순천법원점,1번째 방문,"고급스럽게살래
리뷰 691사진 249팔로워 2
팔로우",중립
달빛에구운고등어 순천법원점,1번째 방문,"리뷰 보고 맛있어보여서 찾아왔습니다
셀프 코너 음식들도 하나하나 다 맛있고
모듬구이 구성도 좋고 화덕에 구워서
맛있습니다
더보기",긍정
달빛에구운고등어 순천법원점,1번째 방문,반찬도 다양하고 음식도 정갈하니 맛있습니다~! 추천드려요~!!,긍정
달빛에구운고등어 순천법원점,1번째 방문,"방문일
3.23.월
2026년 3월 23일 월요일",중립
달빛에구운고등어 순천법원점,8번째 방문,"음식이 맛있어요+2
개의 리뷰가 더 있습니다
펼쳐보기",긍정
달빛에구운고등어 순천법원점,1번째 방문,"음식이 맛있어요+3
개의 리뷰가 더 있습니다
펼쳐보기",긍정
달빛에구운고등어 논산점,1번째 방문,"출장길에 지나가다 검색해보고 혼자와서
1인 메뉴 주문해서 먹었는데 담백하고
맛있네요

좋음 음식 감사합니다
더보기",긍정
달빛에구운고등어 논산점,4번째 방문,"음식이 맛있어요+4
개의 리뷰가 더 있습니다
펼쳐보기",긍정
달빛에구운고등어 논산점,1번째 방문,"쉬는 날마다 찾아와서 먹게 되는 식당입니다~
메인 생선 메뉴부터 사이드, 셀프바에 있는 반찬 모든게 정말 맛있고 정성이 느껴져요!
앞으로도 가게 번창하시고 행복한 하루 되시길!
더보기",긍정
달빛에구운고등어 논산점,3번째 방문,"올때마다 만족해서 재방문했습니다.
따뜻하고 정갈한 식사라 좋아요",긍정
달빛에구운고등어 논산점,1번째 방문,우연히 가다가 보여서 들어왔는데 진짜배기 맛집입니다! 나이드신 분 들이 좋아할만한 집입니다~ 왕 추천!!,긍정
달빛에구운고등어 논산점,1번째 방문,"이런식으로 자기가 원하는 메뉴 하나하나 골라서 먹을 수 있어서 좋은 것 같아요
재방문 할 것 같습니다 단백질 최고!",긍정
달빛에구운고등어 논산점,1번째 방문,"어느 지점이나 믿고 먹어요ㅎㅎ
한식 땡길 때 집밥 생각날 때
든든하고 맛있게 먹고 갑니당👍",긍정
달빛에구운고등어 논산점,3번째 방문,"음식이 맛있어요+2
개의 리뷰가 더 있습니다
펼쳐보기",긍정
달빛에구운고등어 논산점,1번째 방문,"음식이 맛있어요+4
개의 리뷰가 더 있습니다
펼쳐보기",긍정
달빛에구운고등어 논산점,2번째 방문,"음식이 맛있어요+3
개의 리뷰가 더 있습니다
펼쳐보기",긍정
달빛에구운고등어 세종대평점,1번째 방문,처음와봤는데 정말 맛있구 가성비 좋네요!! 셀프바도 있어서 다양한음식 먹을수있어서 좋았어요👍다음에 또 방문할게요! 잘먹구갑니다~~,긍정
달빛에구운고등어 세종대평점,1번째 방문,밑반찬 너무 맛있고 메뉴 구성 알차요! 오늘도 잘 먹고 갑니다,긍정
달빛에구운고등어 세종대평점,1번째 방문,"음식이 맛있어요+4
개의 리뷰가 더 있습니다
펼쳐보기",긍정
달빛에구운고등어 세종대평점,1번째 방문,"가족들이랑 오기 좋으네요 ㅎㅎ
고등어구이 진짜 맛있어요 부모님 모두 만족하신 맛집!!!",긍정
달빛에구운고등어 세종대평점,1번째 방문,메뉴가 많아서 한 샷에 안담기는데 메인메뉴도 맛있구 샐러드바 메뉴도 짱이에요!! 사장님도 직원분들도 넘 친절하셔요. 자주올게요,긍정
달빛에구운고등어 세종대평점,1번째 방문,"세종에서 생선구이로 가장 맛있는 지점이라 생각합니다.
잘 먹고 가요!",긍정
달빛에구운고등어 세종대평점,1번째 방문,기본반찬도 너무 마싯고 셀프바에 있는 사이드 음식까지 마싯습니다 ㅠㅠ단골될것같네요!,중립
달빛에구운고등어 세종대평점,2번째 방문,"세종에서 생선구이 도장깨기 중인데
여기가 제일 맛있어요~
손님이 많아서 그런지 셀프바 반찬들이 금방금방 새로 나와서 더 맛있습니다!
강추!!
더보기",긍정
달빛에구운고등어 세종대평점,1번째 방문,"양이 많았어요!
중간중간 반찬이 다시 채워질때마다
맛이 바뀌기는 했지만 메인은 생선구이니까요😀",중립
달빛에구운고등어 세종대평점,1번째 방문,맛있어요~ 우리집에서 제일 적게 먹는 아이가 오늘 제일 많이 먹었네요 ㅎㅎ,긍정
달빛에구운고등어 대구시지점,2번째 방문,"작녁 10월에 처음 가보았는데 벌써 5개월 순삭 ㅠ 지난번엔 걍 고등어 근디 그리말고 임연수 강추. 삼치는 역시 삼치 ㅋ 제가 추천하는 루틴은 생선 쪼금만 먹고 포장 나머지는 셀프바로 끝내기. 여기 정말 좋은 맛집 천국 ,♡
더보기",긍정
달빛에구운고등어 대구시지점,1번째 방문,"생선구이가 먹고싶을땐 여기로 갑니다! 집에서 먹기엔 냄새도 많이나서 여기가 최곱니다. 셀프바도 있어서 다양하게 먹을수있고 고등어도 촉촉하니 맛이 있습니다.

나물무침부터 도라지무침, 백김치, 양배추쌈, 계란말이, 두부찜, 잡채 등등 맛있고 진짜퀵은 숭늉과 쌈장과 간장양념이 진짜맛있어요!
하나도 빠짐없이 맛있는것같아 진짜 좋습니다.
정식집 안가도 될 정도에요ㅎ
여기가 아이들도 잘먹고 좋습니다^^
더보기",긍정
달빛에구운고등어 대구시지점,6번째 방문,"음식이 맛있어요+4
개의 리뷰가 더 있습니다
펼쳐보기",긍정
달빛에구운고등어 대구시지점,1번째 방문,"별아이37
리뷰 1,279사진 1,325팔로워 84
팔로우",중립
달빛에구운고등어 대구시지점,1번째 방문,"음식이 맛있어요+2
개의 리뷰가 더 있습니다
펼쳐보기",긍정
달빛에구운고등어 대구시지점,13번째 방문,"방문일
2.28.토
2026년 2월 28일 토요일",중립
달빛에구운고등어 대구시지점,1번째 방문,"012****
리뷰 2,093사진 662팔로워 12
팔로우",중립
달빛에구운고등어 대구시지점,1번째 방문,"음식이 맛있어요+3
개의 리뷰가 더 있습니다
펼쳐보기",긍정
달빛에구운고등어 대구시지점,1번째 방문,"음식이 맛있어요+4
개의 리뷰가 더 있습니다
펼쳐보기",긍정
달빛에구운고등어 대구시지점,1번째 방문,"baedory67
리뷰 3,241사진 1,516팔로워 60
팔로우",중립
달빛에구운고등어 부산송정점,1번째 방문,"음식이 맛있어요+2
개의 리뷰가 더 있습니다
펼쳐보기",긍정
달빛에구운고등어 부산송정점,1번째 방문,"고등어가 있었는데요. 없어졌어요~~
비린내 1도 없어서 생선 못 드시는 분들도 도전 가능한곳!맛있었습니다~~~",긍정
달빛에구운고등어 부산송정점,1번째 방문,"갈치구이 1, 달빛1인 반상(점심특선) 1
너무 맛있게 먹었어요~
고등어가 촉촉하니 부드러웠어요~
반찬류도 다양해서 먹고싶은 만큼 들고와서 먹을 수 있어서 좋았어요~
더보기",긍정
달빛에구운고등어 부산송정점,1번째 방문,"고등어 겉은 바삭하고 속은 촉촉해서 비린맛 하나도 없고 계속 손 가는 맛이에요🔥
반찬도 하나하나 다 집밥 느낌이라 부담 없이 먹기 좋고
전체적으로 한 상 차림이 깔끔해서 더 만족스러웠어요 😊
요즘 이런 제대로 된 한식 찾기 쉽지 않은데
편하게 맛있게 먹기 좋은 곳이에요 👍
재방문 생각 있어요 ✨
더보기",긍정
달빛에구운고등어 부산송정점,1번째 방문,"생선 기다리느라 밑반찬들을 다 먹어서 ㅠㅠ ㅎㅎ
반찬들도 다 너무 맛있고 꼬막이랑 생선 다 간도 딱 맞고 너무 맛있어요 가성비 진짜 대박이에요 !!
재방문 의사 있습니다!!
더보기",긍정
달빛에구운고등어 부산송정점,5번째 방문,"오늘도 친구들과 운동 끝나고 어디 가서 밥 먹을까 고민하다가 또 많은 선택지 중에서 달빛으로 왔어요. 배도 고픈데 셀프코너에 반찬류도 많고, 여전히 송도바다 뷰가 넘 아름다워요. 해변열차뷰도 좋구요 저희는 모듬구이한상 4인 시키고. 소뚝불고기 주문했어요. 화덕구이라 생선 맛, 음식 맛도, 퀄리티도, 양도 정말 최고에요~단지 반찬을 미리 먹다보면 메인 나오기 전에 배가 다 차니까 조심해야 해요 ~여기는1인상 메뉴도 있어서 혼자 와도 좋아요!🥰
더보기",긍정
달빛에구운고등어 부산송정점,1번째 방문,"근처에 놀러왔다가 생선구이 먹고싶어서 검색해서 왔어요 ! 양도 많고 비린내도 안나서 맛있게 잘 먹었습니당
특히 셀프바 이용할수있어서 좋았어요 🍀",긍정
달빛에구운고등어 부산송정점,1번째 방문,"비린내 전혀 없는 고등어에, 반찬은 부페식으로 다양한 반찬을 원하는대로 맘껏 먹을 수 있어요!! 정말 맛있게 싸악~ 잘 먹었습니다^^",긍정
달빛에구운고등어 부산송정점,1번째 방문,"송정 올 때면 항상 오는 곳이예요~
늘 만족스런 식사하고 가요~~",중립
달빛에구운고등어 부산송정점,1번째 방문,"음식이 맛있어요+3
개의 리뷰가 더 있습니다
펼쳐보기",긍정
달빛에구운고등어 화성향남점,1번째 방문,"음식이 맛있어요+3
개의 리뷰가 더 있습니다
펼쳐보기",긍정
달빛에구운고등어 화성향남점,1번째 방문,"생선이 진짜 맛있네요! 반찬도 정갈하고 국도 진심 맛있었습니다!
담에 또올께요~!!",긍정
달빛에구운고등어 화성향남점,1번째 방문,"어린이가 여기만 오면 밥 한공기 뚝딱이에요
생선도 맛있고 셀프바도 있어서 다양하게 먹을 수 있어요!",긍정
달빛에구운고등어 화성향남점,1번째 방문,"생선구이가 먹고 싶을때 종종 오는 곳이예요
역시~~ 맛있게 잘 먹었네요
^^",긍정
달빛에구운고등어 화성향남점,3번째 방문,"음식이 맛있어요+1
개의 리뷰가 더 있습니다
펼쳐보기",긍정
달빛에구운고등어 화성향남점,2번째 방문,"반찬이 다양하고 올 때마다 바뀌어서 좋아요. 오늘은 제육볶음을 먹어 봤는데, 제육볶음도 맛있고 삼치도 맛있어서 다른 메뉴 먹으러 또 이용할 것 같아요.!!😊",긍정
달빛에구운고등어 화성향남점,1번째 방문,"향남에서 생선구이 먹을 곳이 있어서 너무 좋아요. 점심 때는 가끔씩 웨이팅 해야 될 때도 있지만 그 시간 피해 오면 여유롭게 먹을 수 있고 반찬도 셀프바에서 자유롭게 가져다 먹을 수 있어서 편하고 좋습니다. 바로바로 구워나오는 따끈한 계란말이가 이 집의 킥! 생선구이 맛있는거야 말해뭐해👍🏻
더보기",부정
달빛에구운고등어 화성향남점,2번째 방문,"양이 많아요+3
개의 리뷰가 더 있습니다
펼쳐보기",중립
달빛에구운고등어 화성향남점,1번째 방문,"점심회식으로 생선구이먹으러왔는데
회식이나 가족모임하기 너무 좋을거같아요 엄청깔끔하고 음식도 맛있어요 :) 기본으로 나오는 국도 칼칼하니 좋습니다!",긍정
달빛에구운고등어 화성향남점,1번째 방문,"항상 맛있는 생선 생각히면 방문히는 곳
오늘도 잘먹고 갑니다^*",긍정
달빛에구운고등어 청주율량점,1번째 방문,"매장도 넓고 세미뷔페도 있고 배터지게 먹구 갈수잇어요
생선구이는 좀 탓지만 먹을만해요",긍정
달빛에구운고등어 청주율량점,1번째 방문,아이와 근처온김에 들렸는데 음식이 깔금하고 맛있어요~직원분들이 친절하셔서 좋았어요,긍정
달빛에구운고등어 청주율량점,1번째 방문,가족모임하기 좋게 매장이 넓어요 반찬도 골고루 있고 생선구이빠삭하게 잘 구워서 나욌어요! 꼬막 무침 특히 맛있었어요~ 😀,긍정
달빛에구운고등어 청주율량점,1번째 방문,고등어가 맛있어요 계란말이랑 아이가 먹을 수 있는 음식니 있어서 좋아요~,긍정
달빛에구운고등어 청주율량점,1번째 방문,"음식이 맛있어요+1
개의 리뷰가 더 있습니다
펼쳐보기",긍정
달빛에구운고등어 청주율량점,3번째 방문,"아이와 외식하러 오기 좋아요😊
반찬도 맛있고, 편하게 식사하기 좋습니다👍",긍정
달빛에구운고등어 청주율량점,5번째 방문,"재료가 신선해요+4
개의 리뷰가 더 있습니다
펼쳐보기",중립
달빛에구운고등어 청주율량점,1번째 방문,"고등어구이는 역시 달빛에구운고등어에요
셀프바에 추가반찬도 마음대로먹을수있어어 좋아요
생선도 맛있고 주차도 최고",긍정
달빛에구운고등어 청주율량점,1번째 방문,고등어가 정말 맛잇엇어용ㅎㅎㅎ반찬도 다양하고 깔끔햐요 ㅎㄹ,긍정
달빛에구운고등어 청주율량점,1번째 방문,"음식이 맛있어요+3
개의 리뷰가 더 있습니다
펼쳐보기",긍정
달빛에구운고등어 대전효동점,1번째 방문,삼치구이랑 고등어조림 먹었는데 음식도 맛있고 매장도 넓고 쾌적하네요. 셀프바가 있어서 다양한 반찬도 즐길 수 있어요😊 맛있게 잘 먹고 갑니다.,긍정
달빛에구운고등어 대전효동점,2번째 방문,"음식이 맛있어요+4
개의 리뷰가 더 있습니다
펼쳐보기",긍정
달빛에구운고등어 대전효동점,1번째 방문,"음식이 맛있어요+2
개의 리뷰가 더 있습니다
펼쳐보기",긍정
달빛에구운고등어 대전효동점,2번째 방문,"화덕에구워더욱맛있는 고등어
제철반찬을 먹고싶은만큼👀
한끼든든 너무맛있어요",긍정
달빛에구운고등어 대전효동점,1번째 방문,"음식이 맛있어요+2
개의 리뷰가 더 있습니다
펼쳐보기",긍정
달빛에구운고등어 대전효동점,1번째 방문,"음식이 맛있어요+3
개의 리뷰가 더 있습니다
펼쳐보기",긍정
달빛에구운고등어 대전효동점,1번째 방문,"생선구이 먹고싶을때마다 와요!
정말 맛있고 셀프바에 있는 반찬도 다 맛있어요ㅎㅎㅎㅎ",긍정
달빛에구운고등어 대전효동점,3번째 방문,정갈하고 깔끔하게 나오는 고등어 정식에 계란말이 김치전까지 무제한이라니!!! 너무 맛있습니다 자주 올게요~~~~,긍정
달빛에구운고등어 대전효동점,1번째 방문,"너무 맛있어요
브레이크타임도없고 언제든 와서 먹을수 있는게 너무 좋아요",긍정
달빛에구운고등어 대전효동점,1번째 방문,"너무 맛있어요 ~~
자주 이용할 거같아요 ㅎㅎ ❤️❤️",긍정
달빛에구운고등어 보령점,1번째 방문,"보령여행하러왓다가
생선구이먹고싶어서 찾다가 왓는데
너무만족해요
마침평일점심이라 ㅎㅎ가격도 좋아요
고등어구이+꼬막무침+한식무한뷔페가지~~~!
재방문예정
더보기",긍정
달빛에구운고등어 보령점,1번째 방문,"1박2일 나들이 중
늘 먹는 음식이 아닌 생선구이 찾아 돌고돌아서 찾아온 집 나는 불고기 서방님은 생선구이를 위해
세트메뉴로 주문 둘다 맛있게 잘 먹었어요
특히 계란말이랑 두부랑 잡채 너무 좋아요~~
부담없이 먹고 갑니다~
더보기",긍정
달빛에구운고등어 보령점,1번째 방문,"아기랑 오기 좋아요
메뉴도 다양하고 집에서 구워먹기 어려운 생선 맛있게 먹었어요 ☺️",긍정
달빛에구운고등어 보령점,1번째 방문,아이와 힘께 왔는데 정말 맛있네요 !! 꼬막비빔밥도 완전 대박 ㅠㅜ 고등어는 말모말모 아기 의자도 있어서 편하게 식사 했어요 ㅎㅎ,긍정
달빛에구운고등어 보령점,1번째 방문,"인테리어가 멋져요+2
개의 리뷰가 더 있습니다
펼쳐보기",중립
달빛에구운고등어 보령점,1번째 방문,"둘이서가서 다못먹을정도로 양이많아용 😊😊😊
생선들이 담백하고 아주 배터지게 먹었네영 또방문할게요!",중립
달빛에구운고등어 보령점,1번째 방문,"생선구이는 달구고로~
점바점 없이 어딜가나 맛있어요~",긍정
달빛에구운고등어 보령점,1번째 방문,"음식이 맛있어요+4
개의 리뷰가 더 있습니다
펼쳐보기",긍정
달빛에구운고등어 보령점,1번째 방문,"생선구이가 촉촉하고 정말 맛있어요!
특히 고등어 최고👍🏻
반찬도 다양하고 셀프로 계속 리필할 수 있어서 좋습니다.
어른 아이 누구와 와도 좋은 곳~~
더보기",긍정
달빛에구운고등어 보령점,1번째 방문,늘 애용하는ㄱ이에용 !!! 맛잇어용 잘먹겟습미다 ㅎㅎ 담에또올게용,중립
달빛에구운고등어 풍암점,1번째 방문,셀프바 이용 자유롭고 계란말이 마음껏 먹을 수 있어서 너무 좋아요. 종종 들리는 생선구이 맛집 입니다.,긍정
달빛에구운고등어 풍암점,1번째 방문,셀프로 반찬 떠와서 먹는 시스템이 신기했어요~~ 반찬 많이 드시고 싶은분들은 추천입니다~!! 고등어 맛잇네요☺️,긍정
달빛에구운고등어 풍암점,1번째 방문,"처음 와봤는데 반찬도 맛있고 깔끔하고 강추해요
담엔 불고기 정식으로 먹어볼라구요",긍정
달빛에구운고등어 풍암점,1번째 방문,"음식이 맛있어요+2
개의 리뷰가 더 있습니다
펼쳐보기",긍정
달빛에구운고등어 풍암점,3번째 방문,"음식이 맛있어요+2
개의 리뷰가 더 있습니다
펼쳐보기",긍정
달빛에구운고등어 풍암점,1번째 방문,"음식이 맛있어요+2
개의 리뷰가 더 있습니다
펼쳐보기",긍정
달빛에구운고등어 풍암점,1번째 방문,음식도 정갈하고 맛있어요! 또 오고 싶은 곳이네요! ㅎㅎ,긍정
달빛에구운고등어 풍암점,1번째 방문,"음식이 맛있어요+4
개의 리뷰가 더 있습니다
펼쳐보기",긍정
달빛에구운고등어 풍암점,1번째 방문,"음식이 맛있어요+3
개의 리뷰가 더 있습니다
펼쳐보기",긍정
달빛에구운고등어 풍암점,1번째 방문,"음식이 맛있어요+4
개의 리뷰가 더 있습니다
펼쳐보기",긍정
달빛에구운고등어 천안구성점,1번째 방문,"그냥 생선요리는 유량동 미가란곳이 좋은생선이였다~~라고 생각이들음!..맛보단 양이라생각하신다면 할수없고,저희처럼 정말 양은 신경안쓰고 맛으로만 가겠다하신분들은 개인입에 좋앗던곳으로 가시길~~",긍정
달빛에구운고등어 천안구성점,2번째 방문,"hello bello
리뷰 204사진 232팔로워 1
팔로우",중립
달빛에구운고등어 천안구성점,2번째 방문,"방문일
3.14.토
2026년 3월 14일 토요일",중립
달빛에구운고등어 천안구성점,1번째 방문,"용인으로 올라가는길에 이른 점심먹으러 들렀습니다.
달빛반상 (고등어+꼬막무침) & 뚝배기 불고기로
맛있고 든든하게 한끼 잘 먹고갑니다.
점심시간엔 웨이팅 ⚠️ 참고하세요~
더보기",부정
달빛에구운고등어 천안구성점,3번째 방문,"오랜만에 달빛고를 방문했는대
내가 좋아하는 과일샐러드 가있고 더좋은 메뉴는
꽃게무침이 특별식이 나와있더군요
밥이랑 생선구이랑 꽃게무침이 최고였어요
다음에 와서도 꽃게무침이 있었으면 좋겠습니다
오늘 배가 빵빵합니다
더보기",긍정
달빛에구운고등어 천안구성점,1번째 방문,"공휴일이라 12시반쯤갔는데도 대기순번 14번째였긴했는데 매장이 커서그런지 순번이 금방 돌아오더라구요.
가본 달빛고등어중에 제일 넓었던 것 같아요~
여기는 떡볶이도 셀프바에 있는게 인상적이었어요~
맛있게 잘 먹고 왔네요~
더보기",긍정
달빛에구운고등어 천안구성점,3번째 방문,"생선이랑 반찬 먹느라 밥은 반도 못먹고 와요.
잡채가 야채도 많이 들어있고 맛있어요",긍정
달빛에구운고등어 천안구성점,5번째 방문,"눈오는 날 점심식사 다양하게 먹고 싶어서 방문한 달빛 고등어~대기가 좀 있어서 살짝 기다림^^
김치국물이 시원해서 국물먼저 흡입해서 속을 좀 달래고나서 달빛고등어의 시그니처반찬인 계란말이와 잡채로 시작을 해봅니다🌿🌿🌿
소량씩 다양하게 먹어보는게 중요하지요
오늘도 골고루 잘먹었습니다 ㅎㅎ 김치가 달달하니 맛있네요 🌟🌟🌟
더보기",긍정
달빛에구운고등어 천안구성점,1번째 방문,"달빛에 구운 고등어 천안구성점 후기에요.
주차장 넓고 천안사랑카드 이용가능해요!
매장은 넓고, 생선을 주문하면 계란말이, 잡채, 김치전을 포함한 14가지 밑반찬이 무한리필이어서 조합이나 기호에 맞게 맛있는 한끼를 즐길 수 있어요!

식사후에는 블랙, 믹스 커피, 오미자차, 매실차 까지 즐길 수 있으니 일석이조랍니다!!
더보기",긍정
달빛에구운고등어 천안구성점,1번째 방문,"음식이 맛있어요+2
개의 리뷰가 더 있습니다
펼쳐보기",긍정
달빛에구운고등어 평택비전점,1번째 방문,"달빛에구운고등어 평택비전점
3.22.일
소중한 방문 감사드립니다 :)
계란말이부터 생선구이까지 맛있게 드셔주시고, 주차까지 편하게 이용하셨다니 기쁩니다. 다음엔 친구분들과 더 즐거운 시간 되시길 바랄게요.
따뜻한 계절, 맛있는 식사와 함께 좋은 시간 되시길 바랍니다 :)
더보기",긍정
달빛에구운고등어 평택비전점,1번째 방문,"달빛에구운고등어 평택비전점
3.22.일
귀한 후기 남겨주셔서 감사합니다.
전체적으로 만족해주셨다니 다행이지만, 셀프바 준비가 부족했던 점과 음식 제공 속도 부분에서 불편을 드린 점은 정말 죄송합니다.
말씀해주신 부분은 바로 점검해서 더 원활하게 이용하실 수 있도록 개선하겠습니다.
소중한 의견 남겨주셔서 감사드립니다.
환절기 건강 잘 챙기시고, 따뜻한 봄날 보내시길 바랍니다!
더보기",중립
달빛에구운고등어 평택비전점,1번째 방문,"딱! 한끼 먹기 좋은 곳이네요
꼬막 양념이 쫌더 새콤달콤고소했으면 좋았을꺼 같아요",긍정
달빛에구운고등어 평택비전점,1번째 방문,"달빛에구운고등어 평택비전점
3.22.일
소중한 방문 감사드립니다.
고등어구이를 가장 맛있게 드셨다니 정말 기쁩니다. 셀프바와 누룽지까지 맛있게 마무리해주셔서 뿌듯하네요.
따뜻한 봄날처럼 기분 좋은 하루 보내시길 바랍니다.
더보기",긍정
달빛에구운고등어 평택비전점,2번째 방문,"달빛에구운고등어 평택비전점
3.22.일
정성스런 리뷰 감사드립니다.
고등어조림 맛있게 드셨다니 정말 다행이에요. 따끈하게 준비한 메뉴가 입맛에 잘 맞으셨길 바랍니다.
포근해진 날씨만큼 편안하고 행복한 하루 보내세요!
더보기",긍정
달빛에구운고등어 평택비전점,1번째 방문,"시댁식구들이랑 맛있고 푸짐한 생선구이 한상
점심으로 냠냠했어요~^^
어르신들 양이 적으셔서
4인 세트로 주문했는데 인당 주문해야한대서 ;;
+ 고추장불고기(제육볶음) 1인 더 추가했네요~
5명이서 아주 넉넉하고, 든든하게 잘 먹었어요🥰
가성비 끝판왕👍🏻 반찬 맛집입니다 ㅋㄷ
양도 많고, 맛도 있고, 남김없이 먹느냐고~
힘든건 안비밀 ㅋㅋㅋㅋㅋ 🤣🤣
직원분들도 친절하고, 매장도 엄청 깔끔,
재방문의사 무조건 💯입니다.
각종 모임이나 생선 먹고싶어서 외식할때
완전 강추~~!! 오늘도 감사히 잘 먹었습니다😋
더보기",긍정
달빛에구운고등어 평택비전점,1번째 방문,"달빛에구운고등어 평택비전점
2.18.수
소중한 방문 감사드립니다 :)
화덕 고등어의 겉바속촉 매력을 제대로 느껴주셨네요. 비린내 없이 맛있게 드셨다니 정말 뿌듯합니다. 반찬 하나하나와 매장 분위기까지 좋게 봐주셔서 큰 힘이 됩니다.
새해에도 건강하시고 따뜻한 날들 가득하시길 바랍니다. 또 뵙겠습니다!
더보기",긍정
달빛에구운고등어 평택비전점,5번째 방문,"달빛에구운고등어 평택비전점
2.18.수
항상 찾아주셔서 감사합니다 :)
가끔 들러 드셔도 늘 만족해주셔서 정말 감사한 마음입니다. 변함없는 맛으로 보답드릴 수 있도록 계속 노력하겠습니다.
올해도 잘 부탁드립니다. 새해 복 많이 받으세요!
더보기",중립
달빛에구운고등어 평택비전점,3번째 방문,"달빛에구운고등어 평택비전점
3.22.일
항상 찾아주셔서 감사합니다.
언제 오셔도 맛있다고 해주시니 정말 감사한 마음입니다. 변함없이 만족드릴 수 있도록 늘 정성 다하겠습니다.
포근해진 날씨만큼 편안하고 행복한 하루 보내세요!
더보기",긍정
달빛에구운고등어 평택비전점,1번째 방문,"달빛에구운고등어 평택비전점
2.2.월
처음 방문해주셔서 진심으로 감사드립니다 :)
검색으로 찾아오신 만큼 기대에 부응할 수 있어 기쁩니다.
샐러드바부터 생선구이까지 맛있게 드셔주시고, 매장과 직원 응대까지 좋게 봐주셔서 힘이 납니다.
새해에도 건강하고 기분 좋은 일들만 가득하시길 바랍니다. 또 찾아주세요!
더보기",긍정
달빛에구운고등어 수원월드컵점,1번째 방문,"3인셋트 먹었어요
고등어 임연수 삼치 가자미 4종류에
제육볶음 같이 나왔어요
계란말이도 셀프바에 계속 쌓아놓고 있어서 간만에 맘껏 먹었더니 맛있더라구요
배부르게 잘먹고왔어요
더보기",긍정
달빛에구운고등어 수원월드컵점,1번째 방문,"지방에만 있어서 아쉬웠는데 수원에도 체인점 생겨서 좋아요~ 생선구이, 계란말이, 김치전 맛있어요 손님 많아요",긍정
달빛에구운고등어 수원월드컵점,1번째 방문,"음식이 맛있어요+1
개의 리뷰가 더 있습니다
펼쳐보기",긍정
달빛에구운고등어 수원월드컵점,1번째 방문,"- 유아의자,식기○
고등어,삼치,뽈락,갈치 시켜서 먹었어요~
생선도 맛있고 반찬들도 맛있어요! 양이 많아서 포장용기 추가해서 남은 생선도 포장해왔어요
직원분들도 친절하세요!
더보기",긍정
달빛에구운고등어 수원월드컵점,4번째 방문,"(내💰내💳🧾)
고등어에삼치묵었네요
생선구이는 달구고👍👍👍
생선실하구 셀프바에
반찬맛집
계랸말이에 김치전 슝늉👍👍👍
배가🍞🍞🍞터집니당🤣🤣🤣
오늘도 배🍞🍞하게잘묵고 갑니당
더보기",중립
달빛에구운고등어 수원월드컵점,1번째 방문,"방문일
3.4.수
2026년 3월 4일 수요일",중립
달빛에구운고등어 수원월드컵점,1번째 방문,"음식이 맛있어요+4
개의 리뷰가 더 있습니다
펼쳐보기",긍정
달빛에구운고등어 수원월드컵점,3번째 방문,"YuNi
리뷰 729사진 1,604팔로워 63테마 1
팔로우",중립
달빛에구운고등어 수원월드컵점,1번째 방문,"비도 오고 오랜만에 가족도 모두 집에 있어 고등어집으로 고고,, 항상 손님이 많아 11시 5분전 도착하여 앉고 싶은 자리 앉아 편하게 식사했어요. 5인인데 6인석 앉으니 넉넉하니 좋네요. 생선은 굴비 빼고 종류대로 시키고 셀프바에서 계란, 김치전 많이 갖다 먹었어요. 83000원 나왔지만 수원페이 되니 좋네요.
더보기",긍정
달빛에구운고등어 수원월드컵점,1번째 방문,"휴일 마지막날 점심으로 동생이 고등어를 먹고 싶다해서 방문했어요! 비가 오는 날이라 딱 생선먹기 좋은 날이기도 해서 방문한것도 있네요. 다행히 정각에 도착해서 주차도 쉽게하고 바로 입장할 수 있어서 좋았어요! 생선은 인당 주문이라 고등어 2마리, 임연수구이, 뽈락구이, 삼치 각각 1마리씩 주문했어요. 밑반찬과 시래기 된장국이 기본으로 나오고 계란말이나 김치전같은 음식은 셀프바에서 가지고와서 먹을 수 있었어요! 생선도 금방 나와서 맛있게 먹었고 굽기도 적당해서 바삭하게 껍질을 먹을 수 있었어요~! 양도 많고 계속해서 셀프바를 이용할 수 있어서 배부르게 먹었습니다. 후식으로 누룽지국과 오미자차, 매실차 등이 있어서 입가심하기도 좋았어요. 휴일 마지막날인데 새학기 시작하는 마음으로 맛있는 식사를 해서 좋았습니다!
더보기",긍정
달빛에구운고등어 광주진월점,1번째 방문,"음식이 맛있어요+2
개의 리뷰가 더 있습니다
펼쳐보기",긍정
달빛에구운고등어 광주진월점,1번째 방문,"음식이 맛있어요+4
개의 리뷰가 더 있습니다
펼쳐보기",긍정
달빛에구운고등어 광주진월점,1번째 방문,"음식이 맛있어요+4
개의 리뷰가 더 있습니다
펼쳐보기",긍정
달빛에구운고등어 광주진월점,2번째 방문,메인메뉴도 맛있었지만 반찬종류도 넘 신선하고 맛있었어요~ 잘먹었습니다,긍정
달빛에구운고등어 광주진월점,1번째 방문,"방문일
3.23.월
2026년 3월 23일 월요일",중립
달빛에구운고등어 광주진월점,4번째 방문,"음식이 맛있어요+2
개의 리뷰가 더 있습니다
펼쳐보기",긍정
달빛에구운고등어 광주진월점,1번째 방문,"매장이 넓고 깔끔해요
셀프바 반찬들도 너무 맛있고 계란말이 있어서 애들도 좋아합니다!
직원분들도 친절하시고 주차도 편해서 자주 옵니다😊❤️",긍정
달빛에구운고등어 광주진월점,8번째 방문,"음식이 맛있어요+3
개의 리뷰가 더 있습니다
펼쳐보기",긍정
달빛에구운고등어 광주진월점,1번째 방문,"밑반찬도 마싯고 생선도 마싯어요!
주차편한게 진짜 좋아요",긍정
달빛에구운고등어 광주진월점,1번째 방문,"음식이 맛있어요+2
개의 리뷰가 더 있습니다
펼쳐보기",긍정
달빛에구운고등어 용인죽전점,1번째 방문,"Welkin
리뷰 1,078사진 681팔로워 37
팔로우",중립
달빛에구운고등어 용인죽전점,5번째 방문,"방문일
3.19.목
2026년 3월 19일 목요일",중립
달빛에구운고등어 용인죽전점,5번째 방문,"음식이 맛있어요+1
개의 리뷰가 더 있습니다
펼쳐보기",긍정
달빛에구운고등어 용인죽전점,2번째 방문,"고기보다는 생선구이 먹고 싶은날
그날에 찾게되는 맛집중 하나

오늘도 30분 가량 웨이팅 했지만
그만한 값어치가있어 기다렸어요

알찬 구성 생선모듬구이(생선4마리)와
푸짐한 뷔페식 반찬들이 늘 만족스러워요
더보기",부정
달빛에구운고등어 용인죽전점,1번째 방문,"queen2484
리뷰 1,031사진 21
팔로우",중립
달빛에구운고등어 용인죽전점,1번째 방문,"여기 직원분 왜이렇게 불친절하죠????

모듬생선구이 2인분 시키고 추가로 백미 새우장 시켜서 다 먹었는데
아이가 새우장 딱 한개가 먹구 싶다길래 저는 사정 얘기하며
추가로 시킨것도 좀 부족했는지 아이가 딱 한마리만 먹고 싶다고해서
혹시 딱 한마리만 주실수 있나 여쭤봐 달라고 공손하게 웃으며 말씀드렸는데... 딱딱한 말투로 메뉴로 그냥 시키셔야된다며 ""시키세요""라고 비꼬는 말투로 얘기하길래 기분이 너무 불쾌해서 후기 남깁니다!!!

이럴때는 말이죠!!!!

죄송하지만 저희가 그렇게 해드릴수 없네요
라고만 말했어도... 그냥 또 시켰을텐데 기분나빠서 그냥 나왔습니다.

손님 대접 좀 친절하게 하세요!!!!!
더보기",부정
달빛에구운고등어 용인죽전점,1번째 방문,"음식이 맛있어요+1
개의 리뷰가 더 있습니다
펼쳐보기",긍정
달빛에구운고등어 용인죽전점,1번째 방문,"잘 먹었습니다
다만
주방에서 일하시는 분이 앞치마도 벗지 않으시고
니트릴 장갑도 벗지 않으신채 화장실을 이용하셨고
그다음 그대로 화장실에서 나와 주방으로 들어가셨습니다
식당에서 가장 지켜야하는게 청결과 위생 아닌가 싶은데
화장실을 이용하러가시는데 앞치마도 안벗으시고 장갑도 그대로 낀채로 가신다는게 상식적으로 이해가 가지 않습니다
화장실에서 구토도 하신거 같은데 그 장갑을 그대로...................
매장에 사장님이 안계셔서 매니저라는 분께 말씀드렸는데 시정조치가 제대로 될지 의문이네요.
더보기",긍정
달빛에구운고등어 용인죽전점,4번째 방문,"음식이 맛있어요+4
개의 리뷰가 더 있습니다
펼쳐보기",긍정
달빛에구운고등어 용인죽전점,1번째 방문,"방문일
2.11.수
2026년 2월 11일 수요일",중립
달빛에구운고등어 당진시청점,3번째 방문,"반찬도 너무 맛있고 생선도 맛나요!
자주 오는데, 생각나는 집이에요",긍정
달빛에구운고등어 당진시청점,1번째 방문,집밥 느낌 나는 생선구이집이라 좋았어요. 생선도 신선한 것 같고 짜지 않아서 계속 손이 가더라고요. 매장도 깔끔하고 편하게 식사하기 좋았습니다 😊,긍정
달빛에구운고등어 당진시청점,2번째 방문,"율의 탕진잼
리뷰 2,177사진 2,789팔로워 63
팔로우",중립
달빛에구운고등어 당진시청점,16번째 방문,"방문일
3.24.화
2026년 3월 24일 화요일",중립
달빛에구운고등어 당진시청점,1번째 방문,고등어가 간도 딱맞아서 밥없이 먹어도 부담없고 아이들도 잘먹었어요^^전체적으로 음식들이 다 맛있네요^^,긍정
달빛에구운고등어 당진시청점,1번째 방문,"당진 업무차 방문.
점심식사 로 선택한 첫 방문지.
음식이 맛있어요. 다음에 또 방문요",긍정
달빛에구운고등어 당진시청점,1번째 방문,너무 맛있는 생선구이집 적극 추천합니다 최고에요~!!!,긍정
달빛에구운고등어 당진시청점,1번째 방문,"신랑하고 밥집 검색하다가 찾은 곳이에요.
생선구이집인데 반찬 셀프코너가 잘 되어 있어서 좋아요!
가게 안에 테이블도 손님들로 꽉 찼어요.
맛있습니다. 굿!
더보기",긍정
달빛에구운고등어 당진시청점,3번째 방문,"음식이 맛있어요+4
개의 리뷰가 더 있습니다
펼쳐보기",긍정
달빛에구운고등어 당진시청점,1번째 방문,"생선모듬으로 먹었는데 푸짐하고 셀프바이용이
편리해서 즐거운 식사 했네요
생선구이먹으러 자주올것같아요",중립
달빛에구운고등어 정읍점,1번째 방문,"음식이 맛있어요+4
개의 리뷰가 더 있습니다
펼쳐보기",긍정
달빛에구운고등어 정읍점,1번째 방문,"방문일
3.23.월
2026년 3월 23일 월요일",중립
달빛에구운고등어 정읍점,4번째 방문,오늘도 맛있게 먹었습니다! 셀프바 음식도 많고 생선도 맛있었어요👍👍,긍정
달빛에구운고등어 정읍점,14번째 방문,"음식이 맛있어요+4
개의 리뷰가 더 있습니다
펼쳐보기",긍정
달빛에구운고등어 정읍점,2번째 방문,"점심특선 처음인데 꼬막무침도 나옵니다
식사시간에 특히 사람들이 많아요
한가로이 지내고싶으시면 몰리는 시간 피하세요",중립
달빛에구운고등어 정읍점,4번째 방문,"음식이 맛있어요+3
개의 리뷰가 더 있습니다
펼쳐보기",긍정
달빛에구운고등어 정읍점,7번째 방문,"음식이 맛있어요+4
개의 리뷰가 더 있습니다
펼쳐보기",긍정
달빛에구운고등어 정읍점,1번째 방문,"셀프바도 너무 잘되어있고 생선도 잘나와요👍🏻
손님 많은 이유를 알겠네요 생선구이는 여깁니다",중립
달빛에구운고등어 정읍점,1번째 방문,"식당 내부가 넓고 깔끔합니다
모듬구이 한상 시켰는데 너무 맛잇네요 적극추천 합니다",긍정
달빛에구운고등어 정읍점,2번째 방문,"음식이 맛있어요+3
개의 리뷰가 더 있습니다
펼쳐보기",긍정
달빛에구운고등어 유가현풍점,4번째 방문,"음식이 맛있어요+4
개의 리뷰가 더 있습니다
펼쳐보기",긍정
달빛에구운고등어 유가현풍점,1번째 방문,"항상 맛있게 푸짐하게 먹을 수 있는 달빛 고등어!
오늘도 맛있는 점심으로 달빛 고등어!",긍정
달빛에구운고등어 유가현풍점,1번째 방문,"음식이 맛있어요+3
개의 리뷰가 더 있습니다
펼쳐보기",긍정
달빛에구운고등어 유가현풍점,1번째 방문,"음식이 맛있어요+3
개의 리뷰가 더 있습니다
펼쳐보기",긍정
달빛에구운고등어 유가현풍점,1번째 방문,맛있어요!! 생선구이 화덕에 구워서그런지 불맛도 나도 좋아요 ㅎㅎ 불고기도 맛있어요!,긍정
달빛에구운고등어 유가현풍점,1번째 방문,"음식이 맛있어요+2
개의 리뷰가 더 있습니다
펼쳐보기",긍정
달빛에구운고등어 유가현풍점,1번째 방문,화덕에 생선을 구우면 어떤 맛인지 궁금하기도 하고 건강한거로 외식하고 싶어서 방문했어요. 생선구이 좋아하는 아들이랑 와이프가 엄청 좋아하네요! 가족 모임하기 좋을거 같아요.,긍정
달빛에구운고등어 유가현풍점,1번째 방문,반찬도 다양하고 뭐하나빠짐없이 맛있어요!! 특히 화덕고등어구이도 계속 먹고싶은 맛이에요!!,긍정
달빛에구운고등어 유가현풍점,1번째 방문,"매장이 넓어요+3
개의 리뷰가 더 있습니다
펼쳐보기",긍정
달빛에구운고등어 유가현풍점,1번째 방문,"주말에 가족과함께 비슬산 드라이브도 하고 맛나게 저녁도 먹어요
아이가 좋아하는계란말이 눈치안보고 먹을수있어
좋았어요
아이스홍시도 넘 맛있어요
더보기",긍정
달빛에구운고등어 부산 명지국제신도시점,1번째 방문,"음식이 맛있어요+4
개의 리뷰가 더 있습니다
펼쳐보기",긍정
달빛에구운고등어 부산 명지국제신도시점,1번째 방문,"먹다가 고등어 구이가 맛나서 올려요~^
셀프바 에 잡채랑 기타 반찬도 깔끔하고 맛나요.
주차장도 넓어요.",긍정
달빛에구운고등어 부산 명지국제신도시점,1번째 방문,"재료가 신선해요+3
개의 리뷰가 더 있습니다
펼쳐보기",중립
달빛에구운고등어 부산 명지국제신도시점,1번째 방문,"너무 맛있어용 셀프바에 음식도 다양하고
깔끔하고 좋습니다~",긍정
달빛에구운고등어 부산 명지국제신도시점,1번째 방문,"재료가 신선해요+4
개의 리뷰가 더 있습니다
펼쳐보기",중립
달빛에구운고등어 부산 명지국제신도시점,1번째 방문,반찬도 깔끔하고 고등어도 싱싱해서 더 맛이 있습니다 식당 분위기도 카페에서 밥 먹는것 같아 색다른 느낌이 듭니다,긍정
달빛에구운고등어 부산 명지국제신도시점,1번째 방문,"여기 처음왔는데 마싯네요 !!
잘먹고 가겠숩니다~~~❤️❤️",중립
달빛에구운고등어 부산 명지국제신도시점,4번째 방문,"음식이 맛있어요+4
개의 리뷰가 더 있습니다
펼쳐보기",긍정
달빛에구운고등어 부산 명지국제신도시점,1번째 방문,"방문일
3.24.화
2026년 3월 24일 화요일",중립
달빛에구운고등어 부산 명지국제신도시점,3번째 방문,오늘은 고등어말고 임연수랑 뽈락을 먹었는데 이것도 맛나네요~~!!^^,중립
달빛에구운고등어 포항양덕점,1번째 방문,"너무맛있어서 폭풍흡입 했습니다!
2인세트에는 돼지두루치기와 고등어,삼치가 같이나오는데
샐러드바에도 잡채,계란말이,햄등등 손가는음식 잔뜩있어서 너무좋았어요! 돈이하나도 안아까운 식사였습니다🙃
더보기",긍정
달빛에구운고등어 포항양덕점,1번째 방문,"음식이 맛있어요+4
개의 리뷰가 더 있습니다
펼쳐보기",긍정
달빛에구운고등어 포항양덕점,1번째 방문,"음식이 맛있어요+4
개의 리뷰가 더 있습니다
펼쳐보기",긍정
달빛에구운고등어 포항양덕점,2번째 방문,"음식이 맛있어요+3
개의 리뷰가 더 있습니다
펼쳐보기",긍정
달빛에구운고등어 포항양덕점,1번째 방문,"음식이 맛있어요+4
개의 리뷰가 더 있습니다
펼쳐보기",긍정
달빛에구운고등어 포항양덕점,1번째 방문,"예전에 맛있어서 또 왔는게 역시 너무 맛있네요
또 올게요~",긍정
달빛에구운고등어 포항양덕점,1번째 방문,"양이 많아요+3
개의 리뷰가 더 있습니다
펼쳐보기",중립
달빛에구운고등어 포항양덕점,2번째 방문,"음식이 맛있어요+4
개의 리뷰가 더 있습니다
펼쳐보기",긍정
달빛에구운고등어 포항양덕점,3번째 방문,"음식이 맛있어요+3
개의 리뷰가 더 있습니다
펼쳐보기",긍정
달빛에구운고등어 포항양덕점,1번째 방문,"음식이 맛있어요+4
개의 리뷰가 더 있습니다
펼쳐보기",긍정
달빛에구운고등어 원주우산점,1번째 방문,"원주시 우산동 맛집 달빛고~
초기오픈때 와보고,
동네마실 겸 저녁식사하러 나왔어요.
셀프바이용까지 아쥬 이득이네오ㅡ
맛있는 고등어랑 제육까지~
분위기는 덤으로 굿입니다.
더보기",긍정
달빛에구운고등어 원주우산점,1번째 방문,부모님과 저녁 먹으러 왔는데 주차하기도 편하고 매장도 넓고 깨끗해서 좋았어요! 직원분들도 친절하시고 음식도 다 맛있었는데 고등어 조림이 진짜 맛있었어요..!😋,긍정
달빛에구운고등어 원주우산점,1번째 방문,깨끗하고 아이할 방문해도 메뉴 선택의 폭이 넓어서 좋아요. 고등어도 너무 맛있어용*.*,긍정
달빛에구운고등어 원주우산점,2번째 방문,"저번에 맛있어서 재방문했어여~
생선구이가 참 맛나요~",긍정
달빛에구운고등어 원주우산점,1번째 방문,간만에 건조생선구이가 아닌 기름기 좔좔 흐르고 맛있는 생선구이를 맛보았습니다. 곁들임 찬도 맛있었구요. 떡볶이가 옛날맛이라 너무 맛있어서 공갓밥 반납하고 떡볶이 한접시 하고 왔습니다. 원주맛집 인정!,긍정
달빛에구운고등어 원주우산점,1번째 방문,"음식이 맛있어요+2
개의 리뷰가 더 있습니다
펼쳐보기",긍정
달빛에구운고등어 원주우산점,1번째 방문,"고추장불고기 고등어조림 맛잇어요
양도 많아서 다 못먹엇네요
셀프바에 잡채랑 계란말이도 맛잇어요",중립
달빛에구운고등어 원주우산점,1번째 방문,"음식이 맛있어요+2
개의 리뷰가 더 있습니다
펼쳐보기",긍정
달빛에구운고등어 원주우산점,1번째 방문,매장도 넓고 깔끔하고 음식도 넘 맛있어요! 정갈하게 담아주시고 가성비도좋아요 담에 또 또 올게요~!!,긍정
달빛에구운고등어 원주우산점,3번째 방문,"맛있어서 사진도 못찍고 다먹었네요~^^
본메뉴도 맛있지만 사이드메뉴도 신선하고 좋았어요!!
담에 또 올게요",긍정
달빛에구운고등어 용인유림점,1번째 방문,"달빛에 구운고등어ㆍ화덕생선구이 맛집
생선구이ㆍ무한리필 반찬
최고 인기메뉴는 계란말이
끝도 없이 계속 굽고 계시는 사장님ㅎㅎ
배부르게 잘먹었습니다
더보기",긍정
달빛에구운고등어 용인유림점,3번째 방문,"5번채방문입니다
고등어신선하고 맛있어요
반찬도 셀프코너가 있어서 맘것 먹을수있어 좋아요
손님접대하기 딱 좋은 분위기입니다
더보기",긍정
달빛에구운고등어 용인유림점,4번째 방문,"항상 맛있고 최고예요...
너무 많이 먹게 돼서 그게 문제입니다..ㅋㅋ",긍정
달빛에구운고등어 용인유림점,1번째 방문,"음식이 맛있어요+2
개의 리뷰가 더 있습니다
펼쳐보기",긍정
달빛에구운고등어 용인유림점,4번째 방문,"음식이 맛있어요+3
개의 리뷰가 더 있습니다
펼쳐보기",긍정
달빛에구운고등어 용인유림점,3번째 방문,"방문일
3.22.일
2026년 3월 22일 일요일",중립
달빛에구운고등어 용인유림점,2번째 방문,"음식이 맛있어요+3
개의 리뷰가 더 있습니다
펼쳐보기",긍정
달빛에구운고등어 용인유림점,5번째 방문,"방문일
3.22.일
2026년 3월 22일 일요일",중립
달빛에구운고등어 용인유림점,1번째 방문,집근처에 생겨서 와봤는데 사람 많더라구요?? 분위기도 깔끔하구 맛있어서 좋네요 다음에 또 올게요🤍,긍정
달빛에구운고등어 용인유림점,1번째 방문,맛읶어요. 매장도 넓고 반찬도 셀프바 넓고 봏아요. 맛있습니다!,긍정
달빛에구운고등어 나주혁신점,2번째 방문,"사다람쥐
리뷰 935사진 1,027팔로워 20
팔로우",중립
달빛에구운고등어 나주혁신점,2번째 방문,"음식이 맛있어요+4
개의 리뷰가 더 있습니다
펼쳐보기",긍정
달빛에구운고등어 나주혁신점,1번째 방문,"아이랑 방문했어요
생선이 잘 구워져서 나와서 맛있어요
아이도 잘 먹네요 ㅎㅎ
건강에도 좋고 맛있는 생선 가족외식으로 추천합니다~
더보기",긍정
달빛에구운고등어 나주혁신점,2번째 방문,"음식이 맛있어요+1
개의 리뷰가 더 있습니다
펼쳐보기",긍정
달빛에구운고등어 나주혁신점,4번째 방문,"음식이 맛있어요+4
개의 리뷰가 더 있습니다
펼쳐보기",긍정
달빛에구운고등어 나주혁신점,4번째 방문,생선구이 생각나고 든든하게 먹고 싶을때 자주 생각나서 오게되네요. 일주일에 한번씩은 들르네요. 완전 추천합니다~ 가맹점인데도 다른곳보다 좋아요,긍정
달빛에구운고등어 나주혁신점,1번째 방문,"양이 많아요+2
개의 리뷰가 더 있습니다
펼쳐보기",중립
달빛에구운고등어 나주혁신점,1번째 방문,고등어 이외에도 셀프바로 다양한 음식을 먹을수 있어서 좋은거 같아요 고등어 맛집 인정 !,긍정
달빛에구운고등어 나주혁신점,3번째 방문,"재료가 신선해요+3
개의 리뷰가 더 있습니다
펼쳐보기",중립
달빛에구운고등어 나주혁신점,7번째 방문,"고등어도 맛있지만, 밑반찬도 너무 맛있어서
남편이랑 주말마다 오게되요~",긍정
달빛에구운고등어 계양구청점,1번째 방문,"오!! 깔끔하고 배불리 먹기 좋아요
재방문 의사 100프로 입니다!
^^",긍정
달빛에구운고등어 계양구청점,1번째 방문,부모님 모시고 오기 좋은곳이에요! 세미뷔페도 너무 좋고 고기랑 생선류도 맛있습니다 또또또온집에요~!,긍정
달빛에구운고등어 계양구청점,1번째 방문,"음식이 맛있어요+3
개의 리뷰가 더 있습니다
펼쳐보기",긍정
달빛에구운고등어 계양구청점,2번째 방문,"가족과 맛있는 생선구이 먹으러 왔습니다.
잘 구워진 화덕 고등어와 삼치 잘 차려진 한상으로
맛있게 먹었습니다. 또 방문하겠습니다.",긍정
달빛에구운고등어 계양구청점,1번째 방문,"음식이 맛있어요+4
개의 리뷰가 더 있습니다
펼쳐보기",긍정
달빛에구운고등어 계양구청점,1번째 방문,부모님 모시고~ 한강차림으로 먹고싶어서 왔어요~ 일단 사이드메뉴가 많고! 반찬이 진짜 알차요! 생선도 다양하게 나오고 너무 좋아요!,긍정
달빛에구운고등어 계양구청점,1번째 방문,"음식이 맛있어요+4
개의 리뷰가 더 있습니다
펼쳐보기",긍정
달빛에구운고등어 계양구청점,1번째 방문,점심에 방문했는데 무난한게 한식먹고 싶으면 올듯하네요 ㅋ,중립
달빛에구운고등어 계양구청점,4번째 방문,"양이 많아요+2
개의 리뷰가 더 있습니다
펼쳐보기",중립
달빛에구운고등어 계양구청점,1번째 방문,할머니랑 정말 맛있게 먹었습니다 다음에 모시고 또 올게요,긍정
달빛에구운고등어 여수시청점,3번째 방문,맛있어서 또 왔어요~ 고등어도 맛있고 메뉴가 조금씩 바껴서 좋아요,긍정
달빛에구운고등어 여수시청점,1번째 방문,"모든반찬 셀프바이용 가능합니다~
넓고 쾌적하고 좋아용~^^",긍정
달빛에구운고등어 여수시청점,2번째 방문,"부모님과 아이와 N번째 재방문:)
ㅎㅎㅎ생선구이 맛집, 푸짐하게 먹고 갑니다~~쵝오!
깔끔하고 정갈하고^^매장도 넓고 좋아요!
밑반찬도 다 맛있어요!!
더보기",긍정
달빛에구운고등어 여수시청점,1번째 방문,"정갈하고 깔끔하게 생선구이를 먹을 수 있어 좋습니다!
셀프바도 맛있는 메뉴가 한가득이라 모임에 추천합니다.",긍정
달빛에구운고등어 여수시청점,1번째 방문,"재료가 신선해요+4
개의 리뷰가 더 있습니다
펼쳐보기",중립
달빛에구운고등어 여수시청점,2번째 방문,"음식이 맛있어요+4
개의 리뷰가 더 있습니다
펼쳐보기",긍정
달빛에구운고등어 여수시청점,1번째 방문,"음식이 맛있어요+4
개의 리뷰가 더 있습니다
펼쳐보기",긍정
달빛에구운고등어 여수시청점,1번째 방문,"생선구이도 맛있고 냄세도 안나요
반찬리필 너무좋아요♡",긍정
달빛에구운고등어 여수시청점,3번째 방문,"음식이 맛있어요+4
개의 리뷰가 더 있습니다
펼쳐보기",긍정
달빛에구운고등어 여수시청점,1번째 방문,"음식이 맛있어요+4
개의 리뷰가 더 있습니다
펼쳐보기",긍정
달빛에구운고등어 파주운정점,1번째 방문,"서울 사는데 파주에 볼일이 있어서 검색해서 왔는데 너무 맛있습니다
생선 나오기 전에 나오는 밑반찬들도 셀프로 마음껏 먹을수 있어서 좋았고 서비스반찬들이 정갈하고 맛도 좋아서 이것만으로도 만족하고 있었는데 생선구이가 나오는거 보고 더 놀랬습니다 양도 많고 생선도 비린맛 하나 없이 탱탱하니 맛있어서 잘 먹고 갑니다
더보기",긍정
달빛에구운고등어 파주운정점,1번째 방문,"아이파크포레스트 모델하우스 갔다가 지인들과 맛난 생선구이 맛있게 먹었네요.^^
생선구이든 뭐든 진짜 방금 나온 음식이 제일 맛있나봐요.^^ 따끈따끈 껍집도 맛있는 생선구이 배부르게 먹었네요.^^ 바로앞 스타필드도 있는데 일할때라 구경못해 아쉽네요.^^
더보기",긍정
달빛에구운고등어 파주운정점,2번째 방문,"음식이 맛있어요+2
개의 리뷰가 더 있습니다
펼쳐보기",긍정
달빛에구운고등어 파주운정점,3번째 방문,"음식이 맛있어요+2
개의 리뷰가 더 있습니다
펼쳐보기",긍정
달빛에구운고등어 파주운정점,1번째 방문,"장점; 셀프바 반찬이 여러종류이고 수시로 만들어줘서 퀄리티가 괜찮다. 가게도 넓어 식구들과 식사하기도 편하다. 고등어의 짠맛도 적당함. 직원들 친절도는 매우높아 기분좋았음. 바닥에 종이를 깔아주는것은 새로웠으나 재활용측면서 근닥임
단점;인당가격이 너무높고 세트로 나오는 고기 별로없는 제육은 빼서 단가를 낮출필요가있다. 1인이 느끼한 제육까지먹기에는 버거움.(그리고 구색맞춤인지라 맛없음) 수저,식기가 동도금한거라 이미 까져있어 찝찝했고, 너무새까맣게 태운 고등어가 좀 부담스러웠다.
더보기",부정
달빛에구운고등어 파주운정점,1번째 방문,"음식이 맛있어요+3
개의 리뷰가 더 있습니다
펼쳐보기",긍정
달빛에구운고등어 파주운정점,1번째 방문,"술보단 coffee89
리뷰 321사진 396팔로워 15
팔로우",중립
달빛에구운고등어 파주운정점,2번째 방문,"아이들 생선좀 먹이고싶어서 오랫만에 방문했어요~ 오늘은 생선두마리랑 조림하나 떡갈비 주문했어요
여기 떡갈비 냄새도 안나고 맛있어서 아이들이 잘먹더라구요~
오늘도 잘먹고갑니다~
더보기",긍정
달빛에구운고등어 파주운정점,1번째 방문,모듬생선구이3인분 주문! 셀프바도 있어서 양이 많았다 화덕에서 구워서인지 껍질까지 맛있고 떡볶이 맛집이다,긍정
달빛에구운고등어 파주운정점,2번째 방문,"음식이 맛있어요+4
개의 리뷰가 더 있습니다
펼쳐보기",긍정
달빛에구운고등어 천안신방점,1번째 방문,처음 와봤는데 너무 맛있고 사람도 많고 주차도 편하고 좋습니다 ~ 반찬들도 가져다 먹을 수 잇게끔 되어있어 매우 좋습니다 많이 오세요!,긍정
달빛에구운고등어 천안신방점,1번째 방문,"맛있게 고등어구이 한상 클리어했네요

단백하고 깔끔해서 좋았네요",긍정
달빛에구운고등어 천안신방점,2번째 방문,"매장이 넓어요+1
개의 리뷰가 더 있습니다
펼쳐보기",긍정
달빛에구운고등어 천안신방점,1번째 방문,"음식이 맛있어요+4
개의 리뷰가 더 있습니다
펼쳐보기",긍정
달빛에구운고등어 천안신방점,1번째 방문,"음식이 맛있어요+2
개의 리뷰가 더 있습니다
펼쳐보기",긍정
달빛에구운고등어 천안신방점,1번째 방문,"친한언니와 아이랑 같이 점심 먹으러 왔어요^^ 아이들도 잘먹고 생선구이가 너무 맛있네요~ 사이드메뉴로 계란말이,김치전,잡채등등 많아서 더 좋아요^^ 자주 오겠습니다~",긍정
달빛에구운고등어 천안신방점,1번째 방문,"고등어가 촉촉하고 맛있어요
반찬이 잘나와요
깔끔하고 분위기 좋아요",긍정
달빛에구운고등어 천안신방점,1번째 방문,"음식이 맛있어요+3
개의 리뷰가 더 있습니다
펼쳐보기",긍정
달빛에구운고등어 천안신방점,1번째 방문,"음식이 맛있어요+2
개의 리뷰가 더 있습니다
펼쳐보기",긍정
달빛에구운고등어 천안신방점,1번째 방문,"음식이 맛있어요+4
개의 리뷰가 더 있습니다
펼쳐보기",긍정
달빛에구운고등어 목포하당점,1번째 방문,"음식이 맛있어요+4
개의 리뷰가 더 있습니다
펼쳐보기",긍정
달빛에구운고등어 목포하당점,1번째 방문,"야채튀김.샐러드.계란말이 그리고 김이 너무 맛있었어요^^
고등어도 맛있고 스프도 있네요",긍정
달빛에구운고등어 목포하당점,5번째 방문,"가성비가 좋아요+3
개의 리뷰가 더 있습니다
펼쳐보기",긍정
달빛에구운고등어 목포하당점,1번째 방문,"음식이 맛있어요+3
개의 리뷰가 더 있습니다
펼쳐보기",긍정
달빛에구운고등어 목포하당점,2번째 방문,생선구이 집에서 먹기 쉽지 않은데 ㅎㅎ 여기서 먹으면 편하게 먹을 수 있어용 또간집! 입니당,중립
달빛에구운고등어 목포하당점,3번째 방문,"음식이 맛있어요+4
개의 리뷰가 더 있습니다
펼쳐보기",긍정
달빛에구운고등어 목포하당점,1번째 방문,"재료가 신선해요+3
개의 리뷰가 더 있습니다
펼쳐보기",중립
달빛에구운고등어 목포하당점,3번째 방문,"방문일
3.22.일
2026년 3월 22일 일요일",중립
달빛에구운고등어 목포하당점,3번째 방문,"음식이 맛있어요+4
개의 리뷰가 더 있습니다
펼쳐보기",긍정
달빛에구운고등어 목포하당점,1번째 방문,"음식이 맛있어요+4
개의 리뷰가 더 있습니다
펼쳐보기",긍정
달빛에구운고등어 아산온천점,2번째 방문,모임으로 첫방문했다가 부모님 모시고 왔습니다 정말 맛있어요 그리고 정갈해서 좋아요 다음에 또 다시 올거 같아오!,긍정
달빛에구운고등어 아산온천점,1번째 방문,맛도 맛있고 셀프바도있어서 부족한반찬은 추가이용이 가능하며 푸짐한 한끼 먹을수있어요,긍정
달빛에구운고등어 아산온천점,1번째 방문,"재료가 신선해요+4
개의 리뷰가 더 있습니다
펼쳐보기",중립
달빛에구운고등어 아산온천점,1번째 방문,가족들이랑 처음와봤는데 매장도 넓고 주차장도 있어서 좋아요👍 생선도 비린내 없이 다 맛있고! 반찬 셀프바도 있어서 든든하게 한끼하기 좋은 거 같아요🙂,긍정
달빛에구운고등어 아산온천점,1번째 방문,두번째방문입니다 맛 좋고 가성비 좋아서 재방문했어요 맛있어요,긍정
달빛에구운고등어 아산온천점,1번째 방문,"음식이 맛있어요+3
개의 리뷰가 더 있습니다
펼쳐보기",긍정
달빛에구운고등어 아산온천점,1번째 방문,"음식이 맛있어요+4
개의 리뷰가 더 있습니다
펼쳐보기",긍정
달빛에구운고등어 아산온천점,1번째 방문,맛있습니다! 아이포함 6명이서 4인먹었는데ㅜ생선도 맛있고 크고 굽기도 딱입니다! 아이도 잘먹네요 ~,긍정
달빛에구운고등어 아산온천점,1번째 방문,"처음 왔는데 반찬도 깔끔하고 너무 좋네요~~~
또또 오겠습니다 맛있게 잘먹었습니다",긍정
달빛에구운고등어 아산온천점,1번째 방문,"음식이 맛있어요+2
개의 리뷰가 더 있습니다
펼쳐보기",긍정
달빛에구운고등어 부천약대오거리점,1번째 방문,"음식이 맛있어요+2
개의 리뷰가 더 있습니다
펼쳐보기",긍정
달빛에구운고등어 부천약대오거리점,2번째 방문,"갑자기 생선구이 급 땡겨서 모임으로 왔어요
비쥬얼이 참좋으네요^^
나이드신분을 위하여 좀더 친절해주시면하는 아쉬움이 남네요^^",긍정
달빛에구운고등어 부천약대오거리점,1번째 방문,매장도 크고 깨끗하고 음식도 맛있어요. 셀프바 있어서 좋네요. 다음에 또 올게요.,긍정
달빛에구운고등어 부천약대오거리점,1번째 방문,"집에서 생선구이 먹기 쉽지않은데
맛있는 생선과 다양한 셀프바 메뉴들도 너무 만족스러운 식사였습니다.
부모님 모시고 다시 오려구요!!",긍정
달빛에구운고등어 부천약대오거리점,1번째 방문,"음식이 맛있어요+3
개의 리뷰가 더 있습니다
펼쳐보기",긍정
달빛에구운고등어 부천약대오거리점,1번째 방문,"오랜만에 돈 아깝지 않게 맛나게 먹었어요.분위기도 좋고..ㅋ 어른들 이나 손님들 접대하기도 좋겠네요.
룸이 있다면 상견례해도 재미날듯^^",긍정
달빛에구운고등어 부천약대오거리점,1번째 방문,"아이랑갔는데 너무맛있음. 생선짱 생선조림짱
후식 아이스홍식 짱",긍정
달빛에구운고등어 부천약대오거리점,1번째 방문,기본찬도 잘 나오고 셀프바도 다양한데다가 신선해요! 오미자차랑 매실차도 있는데 그것도 맛있고 생선도 너무 맛있어요! 잘 먹었습니다🙏,긍정
달빛에구운고등어 부천약대오거리점,1번째 방문,"음식이 맛있어요+2
개의 리뷰가 더 있습니다
펼쳐보기",긍정
달빛에구운고등어 부천약대오거리점,1번째 방문,"음식 깔끔하고 특히 고등어,삼치,새우장 너무 맛있어요!!!
매장 넓어서 좋아요!!",긍정
달빛에구운고등어 서산점,2번째 방문,"음식이 맛있어요+4
개의 리뷰가 더 있습니다
펼쳐보기",긍정
달빛에구운고등어 서산점,7번째 방문,"shinhwa200081
리뷰 133사진 32
팔로우",중립
달빛에구운고등어 서산점,1번째 방문,태안 여행왔다가 먹었는데 맛집이네요^^ 양도 푸짐합니다,중립
달빛에구운고등어 서산점,1번째 방문,"가성비가 좋아요+1
개의 리뷰가 더 있습니다
펼쳐보기",긍정
달빛에구운고등어 서산점,1번째 방문,"직원분들원친절하시고..
음식이 양도 많고 셀프바가 있어서 엄청 배부르게 먹었어요.
계란말이 맛나요~^^",긍정
달빛에구운고등어 서산점,1번째 방문,"음식이 맛있어요+3
개의 리뷰가 더 있습니다
펼쳐보기",긍정
달빛에구운고등어 서산점,1번째 방문,"음식이 맛있어요+4
개의 리뷰가 더 있습니다
펼쳐보기",긍정
달빛에구운고등어 서산점,1번째 방문,"음식이 맛있어요+3
개의 리뷰가 더 있습니다
펼쳐보기",긍정
달빛에구운고등어 서산점,1번째 방문,맛있고 매장도 넓고 깨끗하니 좋아요! 자주 오겠습니당 :),긍정
달빛에구운고등어 서산점,1번째 방문,"정말 맛있어요
반찬하나하나 다 맛있고 정갈하게 잘 나와요!!
이모님 손맛이 정말 좋으신것같아요 💗",긍정
달빛에구운고등어 청주지웰점,1번째 방문,"먹다찍었지만 제육과 고등어, 꼬막무침 먹었습니다
맛있고 샐바도 잘되어있고 청결하고
따뜻한음식이 계속리필되어 맛도 좋았습니다
음식이 양이 많고 가격대비 반찬이 아주푸짐해요
더보기",긍정
달빛에구운고등어 청주지웰점,1번째 방문,"맛만보고 사진 찍으려했는데
너무 맛있어서 다먹어버렸어요
셀프바도 잘되있고
생선도 비리지않고 너무 맛있어요
생선구이는 여기만 올꺼같아요
더보기",긍정
달빛에구운고등어 청주지웰점,1번째 방문,메인없이 이것만사이드라니~완전 너무좋네요0배터지게먹어야겠어요~,긍정
달빛에구운고등어 청주지웰점,1번째 방문,"다양한반찬과 생선구이 맛있어요^^
막걸리가 없어 쫌 아싑네요^^;;",긍정
달빛에구운고등어 청주지웰점,1번째 방문,"음식이 맛있어요+4
개의 리뷰가 더 있습니다
펼쳐보기",긍정
달빛에구운고등어 청주지웰점,1번째 방문,"생선구이랑 생선조림 집에서 먹기 쉽지 않은데
둘다 한번에 해결할 수 있어 좋아요!
그리고 맛난 밑반찬까지 최고 👍🏻
비린내 안나고 맛맛나요
그리고,주차 자리도 많아 좋아요^,^
더보기",긍정
달빛에구운고등어 청주지웰점,1번째 방문,"음식이 맛있어요+2
개의 리뷰가 더 있습니다
펼쳐보기",긍정
달빛에구운고등어 청주지웰점,1번째 방문,아이랑 방문하기 좋은 식당이에요! 고등어도 짜지않고 맛있었어요,긍정
달빛에구운고등어 청주지웰점,1번째 방문,"음식이 맛있어요+3
개의 리뷰가 더 있습니다
펼쳐보기",긍정
달빛에구운고등어 청주지웰점,1번째 방문,아기와 함께 방문했는데 밑반찬이 다양해서 좋아요~ 메뉴도 생선2마리(고등어/삼치)에 고추장불고기로 아기포함 3인이 먹기에 구성도 좋고 맛있네요! 다음에 또 방문할 의사가 있습니다~,긍정
달빛에구운고등어 인천송도점,1번째 방문,"가족들이랑 방문하기 좋아요!
부모님도 좋아하시네요 음식도 맛있어요 ㅎㅎ",긍정
달빛에구운고등어 인천송도점,2번째 방문,음식이 다 맛있어요. 특히 생선구이 맛있고 셀프코너 있어서 넘 좋아요~,긍정
달빛에구운고등어 인천송도점,1번째 방문,"음식이 맛있어요+4
개의 리뷰가 더 있습니다
펼쳐보기",긍정
달빛에구운고등어 인천송도점,1번째 방문,처음 방문했는데 맛있게 잘먹었어요 애기도 좋아하네요~^^,긍정
달빛에구운고등어 인천송도점,1번째 방문,반마리에 고등어조림인데 진짜 때깔 미쳐써용 셀프바도 있어서 배부르게 먹을수있어용,중립
달빛에구운고등어 인천송도점,1번째 방문,"음식이 맛있어요+2
개의 리뷰가 더 있습니다
펼쳐보기",긍정
달빛에구운고등어 인천송도점,1번째 방문,"재료가 신선해요+4
개의 리뷰가 더 있습니다
펼쳐보기",중립
달빛에구운고등어 인천송도점,1번째 방문,이번주에 두번 왔습니다. 진짜 너무 맛있어요. 또 올꺼예요,긍정
달빛에구운고등어 인천송도점,1번째 방문,송도에 생겼다해서 와봤는데 매장 넓고 깔끔하고 음식도 맛있네요 부모님 가족모임 하기에 좋겠어요,긍정
달빛에구운고등어 인천송도점,1번째 방문,맛있어요. 양도 많고 셀프바도 좋아요. 다음에도 또 올게요 ㅎㅎ,긍정
달빛에구운고등어 진주혁신점,1번째 방문,음식이 정갈하고 너무 맛있어요 샐러드바도 다양하게 있어 좋아요,긍정
달빛에구운고등어 진주혁신점,1번째 방문,"음식이 맛있어요+4
개의 리뷰가 더 있습니다
펼쳐보기",긍정
달빛에구운고등어 진주혁신점,1번째 방문,"음식이 맛있어요+4
개의 리뷰가 더 있습니다
펼쳐보기",긍정
달빛에구운고등어 진주혁신점,1번째 방문,"우연히 인스타에서 보고 오고싶었는데 드디어 오게 되었어요
너무 맛있게 잘먹고갑니다!",긍정
달빛에구운고등어 진주혁신점,1번째 방문,"재료가 신선해요+4
개의 리뷰가 더 있습니다
펼쳐보기",중립
달빛에구운고등어 진주혁신점,1번째 방문,"음식이 맛있어요+4
개의 리뷰가 더 있습니다
펼쳐보기",긍정
달빛에구운고등어 진주혁신점,1번째 방문,"비린내도 없고 생선 크기도 커서 맛있게 잘 먹었습니다.
촉촉하고 탄맛도 없었어요.
셀프바도 좋았어요!

메뉴는 고등어 1마리, 삼치 반마리 단품으로 주문 했습니다.
더보기",긍정
달빛에구운고등어 진주혁신점,3번째 방문,"음식이 맛있어요+4
개의 리뷰가 더 있습니다
펼쳐보기",긍정
달빛에구운고등어 진주혁신점,1번째 방문,"가게 깔끔하고 다양한 음식을 리필해먹을 수있어서
좋습니다.
맛도 맛있어요",긍정
달빛에구운고등어 진주혁신점,2번째 방문,"음식이 맛있어요+4
개의 리뷰가 더 있습니다
펼쳐보기",긍정
달빛에구운고등어 수원망포점,1번째 방문,"음식이 맛있어요+4
개의 리뷰가 더 있습니다
펼쳐보기",긍정
달빛에구운고등어 수원망포점,1번째 방문,너무 맛있게 잘 먹었어요~저흰 일찍 와서 바로 입장 가능했지만 곧 홀이 꽉 차더라구요~^^ 밑반찬이 너무 푸짐해서 남은 생선은 포장했어요~^^ 강추해요~,긍정
달빛에구운고등어 수원망포점,1번째 방문,"형부생신이라 언니. 형부. 신랑과 함께 왔어요. 맛있고 친절하고 기분좋게 식사하고 갑니다~~
또 오고싶네요",긍정
달빛에구운고등어 수원망포점,1번째 방문,"한식을 먹기에 좋은 것 같아요!
고등어조림도 맛있네요!!",긍정
달빛에구운고등어 수원망포점,1번째 방문,가족 식사 장소로 더할 나위 없네요. 남는 게 있나 싶습니다. 가게 번창했으면 좋겠습니다,긍정
달빛에구운고등어 수원망포점,1번째 방문,"음식이 맛있어요+4
개의 리뷰가 더 있습니다
펼쳐보기",긍정
달빛에구운고등어 수원망포점,1번째 방문,"음식이 맛있어요+4
개의 리뷰가 더 있습니다
펼쳐보기",긍정
달빛에구운고등어 수원망포점,1번째 방문,"오픈주방고 매장이 매우 청결하고, 맛있습니다. 음식도 빠르게 나와서 즐겁게 식사했습니다.",긍정
달빛에구운고등어 수원망포점,1번째 방문,"음식이 맛있어요+1
개의 리뷰가 더 있습니다
펼쳐보기",긍정
달빛에구운고등어 수원망포점,1번째 방문,"음식이 맛있어요+1
개의 리뷰가 더 있습니다
펼쳐보기",긍정
달빛에구운고등어 세종장군점,1번째 방문,평일 점심에 방문했습니다. 세종에 2곳이 있는데 가게마다 반찬이 조금씩 다른거 같아요 반찬도 맛있고 고등어가 특히 맛있어요~ 잘 먹고 갑니다,긍정
달빛에구운고등어 세종장군점,1번째 방문,"음식이 맛있어요+4
개의 리뷰가 더 있습니다
펼쳐보기",긍정
달빛에구운고등어 세종장군점,1번째 방문,생선구이도 진짜 맛있고 반찬들도 무한으로 먹을 수 있어서 더 좋았어용,긍정
달빛에구운고등어 세종장군점,1번째 방문,"달빛에구운고등어 세종장군점~

와이프와 함께 평일 늦은 점심식사로 방문, 점심특선 2인 먹고 갑니다. 가성비 좋고 맛있네요~

고등어가 화덕에 구워져 너무 촉촉하니 아주 밥도둑입니다. 밑반찬들도 하나같이 맛이 좋네요~ 다음번에 아이들 데리고 재방문 해야겠어요. 맛있게 잘먹고 갑니다~
더보기",부정
달빛에구운고등어 세종장군점,1번째 방문,"반찬, 메인 모두 너무맛있어요
재방문의사 100% 입니다!",긍정
달빛에구운고등어 세종장군점,1번째 방문,"음식이 맛있어요+4
개의 리뷰가 더 있습니다
펼쳐보기",긍정
달빛에구운고등어 세종장군점,1번째 방문,"정갈해요 직원들도 친절하고요
한식 먹고 싶을 때 오기 참 좋겠습니다",긍정
달빛에구운고등어 세종장군점,1번째 방문,"아이랑 먹기 좋아요
어린이 함박스테이크는 간이 약해서.. 비추입니다",긍정
달빛에구운고등어 세종장군점,1번째 방문,생선과 반찬은 말할것도 없이 맛있고 디저트 홍시도 최곱니다,긍정
달빛에구운고등어 세종장군점,1번째 방문,건강하고 맛있는 한끼를 푸짐하게 먹을 수 있어서 좋았습니다! 아이들이랑 가도 좋아요!,긍정
달빛에구운고등어 양산물금점,1번째 방문,"음식이 맛있어요+4
개의 리뷰가 더 있습니다
펼쳐보기",긍정
달빛에구운고등어 양산물금점,1번째 방문,처음방문인데 맛있게 잘먹고가네요~담번엔 애들데리고 같이와도좋을것같아요^^,긍정
달빛에구운고등어 양산물금점,5번째 방문,"방문일
3.25.수
2026년 3월 25일 수요일",중립
달빛에구운고등어 양산물금점,1번째 방문,"너무 맛있어요 굿굿😍😍😍
계란말이도 넘 맛나요
매장도 깨끗하고 좋네요",긍정
달빛에구운고등어 양산물금점,2번째 방문,"음식이 맛있어요+4
개의 리뷰가 더 있습니다
펼쳐보기",긍정
달빛에구운고등어 양산물금점,1번째 방문,"특별히 고등어 구이가 너무 맛있어요
주차하기도 편하고 집하고 가까워 자주 방문해야겠네요 맛있게 잘 먹었습니다",긍정
달빛에구운고등어 양산물금점,2번째 방문,아이가 생선을 너무 좋아하는데 반찬도 맛있고 오늘도 잘 먹고 갑니다,긍정
달빛에구운고등어 양산물금점,1번째 방문,"부모님 모시고 왔는데 너무 좋네요
부모님도 좋다하시네요 ㅎㅎ
매장도 넓고 음식도 맛있어요👍🏻",긍정
달빛에구운고등어 양산물금점,1번째 방문,"모듬구이 펼쳐놓고 뚝배기 조림까지 시켰더니 상이 꽤 든든하게 채워지더라고요. 달빛 반상은 구성이 소박해 보여도 먹다 보면 밥이 어느새 없어져 있어요. 고등어 조림은 양념이 자극적이지 않으면서도 깊은 맛이 있어서 계속 손이 갔고요. 양산 물금 오면서 이 집 그냥 지나쳤다면 진짜 후회했을 것 같아요. 직원분도 불편한 게 없나 슬쩍슬쩍 챙겨주시는 스타일이라 편안하게 먹었어요.
더보기",중립
달빛에구운고등어 양산물금점,1번째 방문,"맛도 괜찮고 구성도 좋네요~
디저트로 요거트 아이스크림까지 좋았어요~
아이 데리고 와야겠어요~",긍정
달빛에구운고등어 대구칠곡점,1번째 방문,지인소개로 오게되었는데 너무맛있어요 부모님도 정말좋아하시네요 깨끗하고 직원분들도 친절해요 가족모임으로 또오고싶네요,긍정
달빛에구운고등어 대구칠곡점,1번째 방문,"생선구이가 진짜 맛잇어요!
화덕에 구워서 그런지 완전 부드럽고 부모님이랑 같이
왔는데 부모님께서도 좋아하세요!
다른 반찬들도 맛잇어서 밥 한공기가 부족해요ㅋㅋ
더보기",긍정
달빛에구운고등어 대구칠곡점,1번째 방문,고등어 양념반반 했는데 너무 맛있어요 반찬들도 너무 맛있어요 간도 적당하고 다음에 또 올게요,긍정
달빛에구운고등어 대구칠곡점,1번째 방문,친절하시고 음식도 깔끔하게 잘 나오네요 가성비 좋아요 ~,긍정
달빛에구운고등어 대구칠곡점,2번째 방문,맛있어서 재방문했어요 구이 말고 다른 메뉴도 맛있네요!,긍정
달빛에구운고등어 대구칠곡점,1번째 방문,"음식이 맛있어요+4
개의 리뷰가 더 있습니다
펼쳐보기",긍정
달빛에구운고등어 대구칠곡점,1번째 방문,"음식이 맛있어요+4
개의 리뷰가 더 있습니다
펼쳐보기",긍정
달빛에구운고등어 대구칠곡점,1번째 방문,오랜만에 생선구이 생각나서 먹으러 왔어요! 맛있게 잘 먹었습니다!,긍정
달빛에구운고등어 대구칠곡점,1번째 방문,가격도 괜찮고 메뉴도 여러가지 있어서 맛있게 잘 먹었습니다!,긍정
달빛에구운고등어 대구칠곡점,1번째 방문,"음식이 맛있어요+1
개의 리뷰가 더 있습니다
펼쳐보기",긍정
달빛에구운고등어 남양주별내점,1번째 방문,"맛있어요 비린내도 안나고 아이들이랑 오기
너무 좋아요^^",긍정
달빛에구운고등어 남양주별내점,1번째 방문,"음식이 맛있어요+1
개의 리뷰가 더 있습니다
펼쳐보기",긍정
달빛에구운고등어 남양주별내점,2번째 방문,"음식이 맛있어요+2
개의 리뷰가 더 있습니다
펼쳐보기",긍정
달빛에구운고등어 남양주별내점,7번째 방문,평일 점심 때 오면 웨이팅이 길지않아요 점심특선가격으로 좀 더 저렴하게 먹을수있어요 고등어구이가 간이 잘되어 특히 맛있습니다!,부정
달빛에구운고등어 남양주별내점,1번째 방문,"근처지나다 우연히 찾아들어온건데
반찬 종류도 다양하고 하나하나 다 맛있어욤!
직원분들도 친절하시고 매장도 넘 청결하고
고등어는 말모말모 넘 맛있어요❣️
더보기",긍정
달빛에구운고등어 남양주별내점,1번째 방문,항상 대기가 많아서 오픈런 했습니다. 역시나 맛있습니다.,긍정
달빛에구운고등어 남양주별내점,1번째 방문,부모님이 좋아하셔서 항상 같이 와서 가족식사해요! 알차고 맛있어요!,긍정
달빛에구운고등어 남양주별내점,1번째 방문,음식이 너무 맛있고 가성비가 좋아요~ 샐러드바가 너무 잘 되어있어서 배부르게 먹을수 있어요^^,긍정
달빛에구운고등어 남양주별내점,1번째 방문,"너무 맛있게 잘 먹었어요!!!!🥹🥹🥹
다음에 또 올게요~~~!!",긍정
달빛에구운고등어 남양주별내점,1번째 방문,"음식이 맛있어요+4
개의 리뷰가 더 있습니다
펼쳐보기",긍정
달빛에구운고등어 김포양촌구래점,1번째 방문,"방문일
3.25.수
2026년 3월 25일 수요일",중립
달빛에구운고등어 김포양촌구래점,1번째 방문,부모님이 먼저 다녀오시고 같이 가보자해서 왔는데 반찬 다양하고 구성 알차서 좋네요! 잘먹었습니다 :),긍정
달빛에구운고등어 김포양촌구래점,1번째 방문,"고등어랑 삼치 맛있어요~
셀프바음식도 깔끔하고 맛있게 먹었습니다",긍정
달빛에구운고등어 김포양촌구래점,1번째 방문,매장도 크고넓고 아주좋아요 음식도 깔끔하고 아기의자가 청결해서 정말좋앗습니다 이대로만유지되면 김포 맛집되시겟습니다,긍정
달빛에구운고등어 김포양촌구래점,2번째 방문,"음식이 맛있어요+4
개의 리뷰가 더 있습니다
펼쳐보기",긍정
달빛에구운고등어 김포양촌구래점,1번째 방문,"음식이 맛있어요+4
개의 리뷰가 더 있습니다
펼쳐보기",긍정
달빛에구운고등어 김포양촌구래점,3번째 방문,"어머님모시고갔는데 너무좋아하시네요 4번째방문입니다
잘먹었습니다",긍정
달빛에구운고등어 김포양촌구래점,1번째 방문,"지금은 생선구이 맛집이 대세 인듯요
추천합니다~
재방문이 10여번 되는데 리뷰작성은 첨이네요
모듬구이 시켰구요
화덕에 구운거라 겉은바삭하고 속은 촉촉하니 먹을때마다 맛나게 먹게 되네요 사이드메뉴도 알차고 정갈하고 깔끔해서 먹기에 부족함이 없구요
중요 자리를 여기서 가져도 좋을듯 하네요
오늘도 맛있게 잘 먹었습니당
더보기",긍정
달빛에구운고등어 김포양촌구래점,4번째 방문,"음식이 맛있어요+3
개의 리뷰가 더 있습니다
펼쳐보기",긍정
달빛에구운고등어 김포양촌구래점,1번째 방문,반찬도 많고 생선 다 너무 맛있네요! 우연찮게 들어왔다가 진수성찬 맛보고 갑니다 ㅎㅎㅎ 앞으로 자주 방문해야겠어요😁👍👍,긍정
달빛에구운고등어 광양점,1번째 방문,"새로 오픈한 매장이라 청결하고 분위기 깔끔하고 편해요. 기본 반찬도 좋고 셀프바 이용할 수있어 좋았어요. 고등어구이 나오자 마자 먹어서 음식 사진은 못 찍었네요. 마지막 마무리.는 누룽지까지 먹어서 배불리 먹었어요.
더보기",긍정
달빛에구운고등어 광양점,1번째 방문,"음식이 맛있어요+4
개의 리뷰가 더 있습니다
펼쳐보기",긍정
달빛에구운고등어 광양점,1번째 방문,"음식이 맛있어요+2
개의 리뷰가 더 있습니다
펼쳐보기",긍정
달빛에구운고등어 광양점,1번째 방문,"아이들과 어른이 모두 만족합니다.
얘들이 여기가 일등이라네요 ㅋ ㅋ ㅋ",중립
달빛에구운고등어 광양점,1번째 방문,"지나다가 항상 손님들이 많아서 방문했어요~
이른 저녁이라 웨이팅은 생각도 못했는데 10분 정도 기다렸네요~
2인세트 메뉴 골랐는데 샐러드 바가 있더라구요!!
반찬들도 맛있고 샐러드바 예상 못했는데 정말 정말 좋았어요!! 메인 메뉴들 먹어야 해서 많이 이용하진 못했지만 정말 👍👍👍 생선도 화덕에 구워서 그런지 뜨겁고 고소하고 정말 맛있게 먹었어요~
기회되면 또 가려구요!!
더보기",부정
달빛에구운고등어 광양점,1번째 방문,"새로생기고 처음 가봣는데 반찬 뷔페도 깔끔하고 계란말이 잡채 양배추까지 다양하고 반찬에 고등어와 삼치 반쪽이랑 제육볶음까지 한상배터지게 먹고왓어요! 생선구이 불맛에 바싹 구워서 굳! 음료는 2,500원으로 가격은 좀 있는 편이였어요!
더보기",긍정
달빛에구운고등어 광양점,1번째 방문,"생선맛집!
달빛에 구운 고등어 광양점:)
맛있게 먹고 왔어요.^^",긍정
달빛에구운고등어 광양점,3번째 방문,"시래기된장국도 맛있고 주물럭도 잡냄가 나지 않고
고등어랑 삼치도 맛있어요.
밑반찬도 맛있는데 연근이랑 계란말이는 더 맛있어요.
가성비짱~~
더보기",긍정
달빛에구운고등어 광양점,3번째 방문,"누룽지에 고등어 👍
매장도 깨끗하고 음식도 빨리나와서 좋아요",긍정
달빛에구운고등어 광양점,2번째 방문,"음식이 맛있어요+4
개의 리뷰가 더 있습니다
펼쳐보기",긍정
달빛에구운고등어 순천신대점,1번째 방문,"음식이 맛있어요+3
개의 리뷰가 더 있습니다
펼쳐보기",긍정
달빛에구운고등어 순천신대점,1번째 방문,"제육은 정체를 알수없는 돈가스 고기가 있어서 손이 안가요.
콩나물은 간이 안맞고 샐러드는 가서 30분동안 계속 비워있네요. 고등어도 새끼 고등어 인것 같고....
실망이네요...
떡볶이는 맛있어요.
더보기",부정
달빛에구운고등어 순천신대점,1번째 방문,셀프바 구성이 좋아요 맛있는것들로 구성 되어있어요. 단품 고등어는 간이 많이 쌔서 덜짜도 좋을것 같습니다. 맛있게 먹고 갑니다.,긍정
달빛에구운고등어 순천신대점,1번째 방문,"사진이 없네요..
밥이 같이 나오는줄 모르고 추가했더니 안내해 주셔서 하나 취소하고 음식둘이서 3인분 시켜 먹었어요..고등어 구이하나 남기고 다 먹어버림요..
주문하면 샐러드 그릇. 가져다 주시거든요..쟁반째 들고가서 반찬이랑 샐러드 챙겨오시면 되는데요..종류가 많네요..같이 나오는 얼린홍시 샤베트처럼부드럽고 맛났어요.
호수공원점에서. 좋았어서 지인데리고 지나가는길에 즉흥적으로 뉴턴해서 들어갔네요..지인도 좋았다는 평이네요
더보기",긍정
달빛에구운고등어 순천신대점,3번째 방문,"너무 맛있어요✨️
N번째 옵니다.
생선구이 좋아하시는 부모님과도 자주오고 아이와도 자주와요.",긍정
달빛에구운고등어 순천신대점,1번째 방문,"ccbbhaha
리뷰 1,050사진 949팔로워 16
팔로우",중립
달빛에구운고등어 순천신대점,1번째 방문,아이들도 좋아하는 곳이에요. 맛있게 잘 먹고 왔습니다 ❤️,긍정
달빛에구운고등어 순천신대점,1번째 방문,"점심특선 2인 주문.
신호대기중에 간판보고 방문했어요.
기본찬들을 편하게 덜어 먹을수 있는 셀프빠가 있어 좋았어요.
몇몇 반찬양념은 처음먹어본 맛이라 불호지만 😅
고등어구이가 메인이었기에 맛나게 잘 먹었습니다 👍
더보기",긍정
달빛에구운고등어 순천신대점,1번째 방문,"주차하기 편해요+4
개의 리뷰가 더 있습니다
펼쳐보기",중립
달빛에구운고등어 순천신대점,1번째 방문,"대기6번째 20분 기다려서 입장
6인석이 있었지만 5인이상 받으신듯ㅜㅜ
입장해서도 10분정도 기다렸어요
빈접시 조금 일찍 갖다주면 좋을듯ㆍ
밑반찬깔끔 잡채는 너무 갈색이라ㅡㅜㅜ
봄동무침 맛나서 두번리필
같이 드신분들이 고등어 이외 간이 약하다고 ㅜㅜ
그래도 남김 없이 다 비우고 왔어요
더보기",긍정
달빛에구운고등어 부산괴정점,1번째 방문,"고등어 화덕에 구워서 그런지 겉은 바삭 속은 촉촉
정말 맛있네요 ~~ 비린내 1도 없어요
반찬도 다양해서 좋아요
가게 분위기도 좋고 가족과 함께 와도 좋아보입니다 !
더보기",긍정
달빛에구운고등어 부산괴정점,1번째 방문,"정신없이 먹다보니 사진찍는 걸 까먹었네요
아이데리고 자주 오는 곳인데 오늘도 잘 먹고 갑니다
음식이 깔끔해서 좋아요 ㅎㅎ",긍정
달빛에구운고등어 부산괴정점,1번째 방문,"음식이 맛있어요+4
개의 리뷰가 더 있습니다
펼쳐보기",긍정
달빛에구운고등어 부산괴정점,1번째 방문,반찬은 둘째치고 생선이 너무 싱거움..한번가본걸로 만족..비린거 못먹는사람들 비추,중립
달빛에구운고등어 부산괴정점,5번째 방문,"맛있게 잘 먹었어요
배가 터지도록 많이 먹었네요~~
곁찬도 더 다양해지고 맛나네요",긍정
달빛에구운고등어 부산괴정점,1번째 방문,"음식이 맛있어요+4
개의 리뷰가 더 있습니다
펼쳐보기",긍정
달빛에구운고등어 부산괴정점,1번째 방문,"음식이 맛있어요+3
개의 리뷰가 더 있습니다
펼쳐보기",긍정
달빛에구운고등어 부산괴정점,1번째 방문,"지난주에 부모님 모시고 식사하러 왔었는데 반찬가지수도 많고 셀프바 이용도 할 수 있어서 너무 만족스러워 하셨어요. 특히 반찬 하나하나가 맛이 좋고 고등어가 최고입니다 !!!그래서 이번주에 부모님 모시고 또 왔어요^^아기랑 함께 왔는데 매장이 넓고 아기를 위한 배려가 잘 되어 있어서 온 가족이 함께 편하게 식사할 수 있습니다. 자꾸만 먹고 싶어지는 맛집 발견해서 기분이 좋네요.
더보기",긍정
달빛에구운고등어 부산괴정점,1번째 방문,깔끔하고 건강한 맛입니다. 반찬도 가지수가 많고 후식으로 나오는 홍시도 맛있어요,긍정
달빛에구운고등어 부산괴정점,1번째 방문,"샐러드바도 다양해서 든든하게 먹기 좋아요!!
생선도 맛있어요",긍정
달빛에구운고등어 포항이동점,1번째 방문,"음식이 맛있어요+3
개의 리뷰가 더 있습니다
펼쳐보기",긍정
달빛에구운고등어 포항이동점,2번째 방문,"음식이 맛있어요+4
개의 리뷰가 더 있습니다
펼쳐보기",긍정
달빛에구운고등어 포항이동점,1번째 방문,"음식이 맛있어요+3
개의 리뷰가 더 있습니다
펼쳐보기",긍정
달빛에구운고등어 포항이동점,1번째 방문,깨끗하고 자리도 넓고 셀프바랑 메인메뉴 다 맛있고 정갈해요~~!~!,긍정
달빛에구운고등어 포항이동점,1번째 방문,"인테리어가 멋져요+2
개의 리뷰가 더 있습니다
펼쳐보기",중립
달빛에구운고등어 포항이동점,1번째 방문,"음식이 맛있어요+1
개의 리뷰가 더 있습니다
펼쳐보기",긍정
달빛에구운고등어 포항이동점,1번째 방문,"우연히 방문했는데 정말 맛있고 매장도 넓고 깨끗하네요
아이들도 생선을 엄청 잘먹어요 ㅎㅎ 만족합니다~!!",긍정
달빛에구운고등어 포항이동점,1번째 방문,"음식이 맛있어요+4
개의 리뷰가 더 있습니다
펼쳐보기",긍정
달빛에구운고등어 포항이동점,1번째 방문,"음식이 맛있어요+4
개의 리뷰가 더 있습니다
펼쳐보기",긍정
달빛에구운고등어 포항이동점,1번째 방문,주말저녁 가족들 둘러 앉아 맛있게 잘 먹고 갑니다 ^^,긍정
달빛에구운고등어 부산동래점,1번째 방문,송정에서 잘가는 곳인데 동래에 있길래 왔어요! 역시나 맛있습니다~!,긍정
달빛에구운고등어 부산동래점,1번째 방문,"고소하게 잘 구워진 고등어가 정말 맛있었어요! 🐟
겉은 바삭하고 속은 촉촉해서 밥이랑 먹기 딱 좋았습니다.
깔끔한 반찬들이랑 같이 먹으니 한 끼 든든하게 잘 먹고 갑니다 😊",긍정
달빛에구운고등어 부산동래점,1번째 방문,"방문일
3.23.월
2026년 3월 23일 월요일",중립
달빛에구운고등어 부산동래점,1번째 방문,"맛있어서 급하게 먹다가 사진을 찍었네요~
반찬도 맛있고 고등어도 맛있게 구워나와서
딱 좋아요~
집에서 생선 안 구워 먹고 밖에서만 먹는데
자주 이용할꺼 같아요~~
더보기",긍정
달빛에구운고등어 부산동래점,1번째 방문,"고등어구이와 삼치구이 크기도 정말 크고 맛있어요 ! 셀프바에는 계란말이, 잡채, 김치찌개 등 다양한 한식도 준비 돼있어서 너무 좋았어요 !! 밥 한 공기로는 부족해요 ㅎㅎ 후식으로 아이스홍시까지 먹어주고 든든하게 배채우고 갑니당 ☺️
더보기",긍정
달빛에구운고등어 부산동래점,1번째 방문,"반찬 갯수가 많아서 맘에 들어요!!
고등어도 맛나요!!",중립
달빛에구운고등어 부산동래점,1번째 방문,"셀프바도 있고 너무 좋아요~
다들 맛있게 드시러 오세영",긍정
달빛에구운고등어 부산동래점,1번째 방문,"화명점 갔다가 괜칞아서 찾아왔는데, 기본 검정 반찬잡시를 안 챙겨주셔서 요청해서 받았습니다! 음식이 정갈하고 맛잇어요👍",중립
달빛에구운고등어 부산동래점,1번째 방문,"음식이 맛있어요+4
개의 리뷰가 더 있습니다
펼쳐보기",긍정
달빛에구운고등어 부산동래점,1번째 방문,"음식이 맛있어요+2
개의 리뷰가 더 있습니다
펼쳐보기",긍정
달빛에구운고등어 울산일산점,1번째 방문,넘 깨끗하고 좋아요 가족끼리 오기 좋네요ㅠㅠ 깔끔하네요,긍정
달빛에구운고등어 울산일산점,2번째 방문,"맛있어서 오늘은 남편과 함께
ㅈ에 한번은 오는것 같아요",긍정
달빛에구운고등어 울산일산점,1번째 방문,"생선구이가 댕겨서 가족들이랑 왔는데 밑반찬도 너무 깔끔하고 생선도 싱싱하고 푸짐해서 맛있게 잘 먹었습니다.
다음에 또 올게요^^",긍정
달빛에구운고등어 울산일산점,6번째 방문,"생선구이 잘 구워져서 먹기가 편해요.
반찬도 리필 가능해서 맘껏 먹을 수 있어요.",중립
달빛에구운고등어 울산일산점,1번째 방문,기본찬이 정갈하구 맛이 좋구요. 메인 생선요리도 참 맛있네요.,긍정
달빛에구운고등어 울산일산점,1번째 방문,"현장웨이팅 10 분정도하고 들어갔어요!
요즘 뜨는맛집답게 저뒤에도 줄이주르르륵!
일찍 가시는게 좋을듯해요
반찬도 맛있었어요 깔끔해서 제일좋구
아기랑오기에도 좋을듯합니다 !!
더보기",부정
달빛에구운고등어 울산일산점,1번째 방문,메뉴가 골라먹는재미가있고 반찬이 셀프라서 맘껏먹을수있고 고등어도 화덕에구워 맛있어요,긍정
달빛에구운고등어 울산일산점,1번째 방문,"음식이 맛있어요+3
개의 리뷰가 더 있습니다
펼쳐보기",긍정
달빛에구운고등어 울산일산점,1번째 방문,"셀프바에 반찬 종류도 정말 다양하고 생선도 푸짐하게 나와서 가성비 최고였어요! 😊
하나하나 다 맛있어서 계속 가져다 먹게 되더라구요ㅋㅋ

가격 대비 퀄리티가 너무 좋아서 완전 만족했어요👍
다음에 또 방문할 예정입니다! 너무 맛있게 잘 먹었어요💛
더보기",긍정
달빛에구운고등어 울산일산점,1번째 방문,"음식이 맛있어요+4
개의 리뷰가 더 있습니다
펼쳐보기",긍정
달빛에구운고등어 일곡삼각점,1번째 방문,"양이 많아요+4
개의 리뷰가 더 있습니다
펼쳐보기",중립
달빛에구운고등어 일곡삼각점,1번째 방문,오다가다 새로 오픈한걸보고 꼭 오고 싶었는데 직장동료들과 점심식사로 왔어요 일곡동 핫플레이스 맞네요 가족들과 또 오겟습니다 적극추천,긍정
달빛에구운고등어 일곡삼각점,1번째 방문,서구 매월동에서 먹은적이 있었는데 사무실 근처에서 먹을수 있어 아주 좋습니다,긍정
달빛에구운고등어 일곡삼각점,1번째 방문,고등어도 맛있고 마음편하게 셀프바 이용할 수 있어서 좋아요,긍정
달빛에구운고등어 일곡삼각점,1번째 방문,고등어와 삼치가 겉은바삭 속은 촉촉 살이 씹기도전에 녹아내려 아주맛있었습니다. 양이많습니다. 배고플때 오셔야합니다. 가격에비해 진짜 먹을게 많습니다.,긍정
달빛에구운고등어 일곡삼각점,1번째 방문,"대기가있었지만 금방입장할수있었어요
셀프바도 있고 가성비 좋은것같아요
가족과 다시 방문하고 싶네요",긍정
달빛에구운고등어 일곡삼각점,1번째 방문,"음식이 맛있어요+3
개의 리뷰가 더 있습니다
펼쳐보기",긍정
달빛에구운고등어 일곡삼각점,1번째 방문,"매장이 넓어요+2
개의 리뷰가 더 있습니다
펼쳐보기",긍정
달빛에구운고등어 일곡삼각점,1번째 방문,집가까운데에 생겨서 너무 좋아요^^ 기다려서 먹을만 해요 ㅎ 아이랑 와도 아이먹을메뉴 있어서 좋아요,긍정
달빛에구운고등어 일곡삼각점,1번째 방문,"음식이 맛있어요+4
개의 리뷰가 더 있습니다
펼쳐보기",긍정
달빛에구운고등어 파주심학산점,1번째 방문,"생각보다 공간이 넓고 깔끔해서
들어가는 순간 기분이 편해졌어요
고등어는 겉이 바삭하게 잘 구워졌고
비린 맛 없이 담백해서 먹기 좋았어요
반찬도 깔끔하게 잘 나와서
전체적으로 부담 없이 한 끼 하기 좋은 곳.
크게 기대 안 하고 갔는데
다음에 다시 올 생각은 있어요
강추합니다
더보기",긍정
달빛에구운고등어 파주심학산점,1번째 방문,"정말 푸짐하고 맛있어요~!! 😍
너무 정신없이 후다닥 먹고 찍었는데 정말 푸짐합니다!!
건강식으로 챙겨먹은 느낌이에요. 계속 방문하고싶어요 ♥",긍정
달빛에구운고등어 파주심학산점,1번째 방문,"음식이 맛있어요+4
개의 리뷰가 더 있습니다
펼쳐보기",긍정
달빛에구운고등어 파주심학산점,1번째 방문,지인 소개로 처음 왔는데 반찬도 무한리필이고 너무 맛있게 잘 먹었습니다👍👍👍 다음에 가족들과 또 올게요~~,긍정
달빛에구운고등어 파주심학산점,1번째 방문,"계획없이 검색해 방문했는데 맛있게 잘 먹었습니다.
음식이 깔끔하네요.",긍정
달빛에구운고등어 파주심학산점,1번째 방문,"음식이 맛있어요+4
개의 리뷰가 더 있습니다
펼쳐보기",긍정
달빛에구운고등어 파주심학산점,1번째 방문,"심학산 달빛고
무한리필
음식종류도 많고
고등어.삼치 너무 맛나네요^^
더보기",중립
달빛에구운고등어 파주심학산점,1번째 방문,"음식이 맛있어요+4
개의 리뷰가 더 있습니다
펼쳐보기",긍정
달빛에구운고등어 파주심학산점,1번째 방문,"코ㅐ적한 환경에서 맛있는 화덕 생선구이를 먹을수있어서 좋아요
샐프바애도 음식이 정갈하고 다양한 메뉴가 있어서 더 맛있게 먹었어요
부모님 모시고 오기에도 좋을거같아요",긍정
달빛에구운고등어 파주심학산점,1번째 방문,"매장이 넓고 생선과 고추장불고기 맛있어요
메인메뉴 외에 반찬이 다양하고 무제한이라 좋아요",긍정
달빛에구운고등어 부산센텀점,1번째 방문,"음식들도 다 맛있고
반찬이 셀프라서 너무 좋아요!!
매장도 깔끔하고 자주 이용할 것 같아오!!",긍정
달빛에구운고등어 부산센텀점,1번째 방문,"음식이 맛있어요+4
개의 리뷰가 더 있습니다
펼쳐보기",긍정
달빛에구운고등어 부산센텀점,1번째 방문,"송정점 오픈한지 얼마 안됬을때 부터 몇번 갔었는데
부산 인근 고등어구이집 중에 제일 맛있어요!
집근처에 생겨서 좋네용 자주올게요 ㅎㅎ",긍정
달빛에구운고등어 부산센텀점,1번째 방문,생선이 화덕에 맛있게 구워졌습니다. 가족들이 모두 만족했습니다,긍정
달빛에구운고등어 부산센텀점,1번째 방문,"방문일
3.24.화
2026년 3월 24일 화요일",중립
달빛에구운고등어 부산센텀점,1번째 방문,"음식이 맛있어요+3
개의 리뷰가 더 있습니다
펼쳐보기",긍정
달빛에구운고등어 부산센텀점,1번째 방문,"음식이 맛있어요+2
개의 리뷰가 더 있습니다
펼쳐보기",긍정
달빛에구운고등어 부산센텀점,1번째 방문,"음식이 맛있어요+4
개의 리뷰가 더 있습니다
펼쳐보기",긍정
달빛에구운고등어 부산센텀점,1번째 방문,"음식이 맛있어요+4
개의 리뷰가 더 있습니다
펼쳐보기",긍정
달빛에구운고등어 부산센텀점,1번째 방문,고등어가 너무맛있고 음식도모두 맛있어요 자주올게요^^,긍정
달빛에구운고등어 부산화명점,1번째 방문,"방문일
3.25.수
2026년 3월 25일 수요일",중립
달빛에구운고등어 부산화명점,1번째 방문,가족과 급으로 외식할만한곳을 보다가 아기도같이먹을수있는 생선집으로 선택했는데 매장도 넓고 깨끗하고 샐프바도있고해서 좋았습니다,긍정
달빛에구운고등어 부산화명점,1번째 방문,"양이 많아요+2
개의 리뷰가 더 있습니다
펼쳐보기",중립
달빛에구운고등어 부산화명점,1번째 방문,지인추천으로 점심에 먹었어요. 1주일전에 왔는데 또왔어요. 야채 등 반찬이 깔끔하고 고급진 그릇들로 우아한점심먹었습니다. 강추.!,긍정
달빛에구운고등어 부산화명점,1번째 방문,움식이 푸짐하고 숭늉도 나오고 직원분들도 친절하고 생선이 밋나요~~~,긍정
달빛에구운고등어 부산화명점,1번째 방문,"음식이 맛있어요+3
개의 리뷰가 더 있습니다
펼쳐보기",긍정
달빛에구운고등어 부산화명점,1번째 방문,"생선과 밑반찬들 맛있네요~
아기의자도 있어서 아기데리고 오기도 좋구요!
계란말이, 김치가 특히 맛있습니다!
다만 주방쪽 그릇소리가 너무 크게 들려서 소란스럽습니다..
더보기",긍정
달빛에구운고등어 부산화명점,1번째 방문,새로오픈한 화덕구이집 아이와 함께오기 너무 좋은곳이예요^^ 구이싫어하는 아이를위해 함박스테이크도 있고 아이들이 좋아하는 계란말이 잡채까지 너무 맛있어요👍,긍정
달빛에구운고등어 부산화명점,1번째 방문,"일단 고등어가 너무 고소하고 맛있어요.
밑반찬도 다양해서 외식하기좋아요.
자주올것같아요.
꼬막셋트였는데
불고기셋트가 더 나을것같아요~~
잘멉었어요
더보기",긍정
달빛에구운고등어 부산화명점,1번째 방문,"음식이 맛있어요+3
개의 리뷰가 더 있습니다
펼쳐보기",긍정
